{
  "dataArray": [
    {
      "chartType": "column",
      "reportObjDetails": "{\"isGrandTotalRequired\":false,\"isSubTotalRequired\":false,\"isLazyLoadingRequired\":true,\"pageIndex\":1,\"isGNG\":false,\"isGaugeGNG\":false,\"isRangeRedToGreenColor\":false,\"isPercentageEnabledSummaryCard\":false,\"filterExpression\":\"\",\"lstSortReportObject\":[{\"reportObject\":{\"displayName\":\"Spend In EUR\",\"reportObjectName\":\"Spend In EUR\",\"isDerived\":false,\"isFilterable\":false,\"isTransactional\":false,\"layoutArea\":2,\"objectGroupName\":\"Measure\",\"reportObjectId\":\"2f9a2859-bd5a-44e9-b4d7-82d5cbfd13cf\",\"reportObjectType\":0,\"sequenceNumber\":70,\"isDrillToTransactional\":false,\"drillTransactionOrder\":1,\"isSelectAll\":false,\"partialSelect\":false,\"showSelected\":false,\"filterBy\":1,\"filterTabInfo\":\"\",\"filterRadioOperator\":0,\"filterConditionValue\":\"\",\"filterConditionRangeValue\":{\"from\":\"\",\"to\":\"\"},\"filterConditionOperator\":-1,\"selectAllTxt\":\"All\",\"filterList\":[],\"preCanValues\":[],\"filterCount\":-1,\"isFilterDataLoaded\":false,\"filterType\":2,\"currentDrop\":\"VALUE\",\"isFiltered\":false,\"filterConditions\":[],\"periodFilterConditions\":[],\"filterConditionText\":\"\",\"filterSearchText\":\"\",\"selectedFilterList\":[],\"filterValueSet\":false,\"setPeriodFilterData\":false,\"filterSelSet\":false,\"filterCdnSet\":false,\"allRequiredData\":[],\"selectAll\":false,\"filterTypeObjectId\":\"9ef922e5-ff0b-408f-b8a3-a6c5928d5d29\",\"isOnOrAfterTerm\":\"\",\"isSelected\":false,\"isDisable\":false,\"reportObjectWidth\":150,\"isDrill\":false,\"today\":\"2021-07-21T07:49:53.277Z\",\"tableName\":\"\",\"expression\":\"\",\"derivedRoType\":0,\"createdBy\":0,\"parentReportObjects\":null,\"configurationValue\":\"{\\\"type\\\":2,\\\"decimal\\\":0,\\\"negativeFormat\\\":1,\\\"displayUnit\\\":0,\\\"isThousandSeparator\\\":true,\\\"currencyFormat\\\":0}\",\"autoCompleteFilterData\":\"\",\"autoCompleteFilterList\":[],\"sourceYear\":{\"displaytitle\":\"Select Year\",\"selectTypeOption\":{},\"options\":[],\"selectedoption\":\"\"},\"sourceQuarter\":{\"displaytitle\":\"Select Quarter\",\"selectTypeOption\":{},\"options\":[],\"selectedoption\":\"\"},\"sourceMonth\":{\"displaytitle\":\"Select Month\",\"selectTypeOption\":{},\"options\":[],\"selectedoption\":\"\"},\"yearDropdown\":{\"options\":[],\"selectedOption\":{\"title\":\"2021\"},\"selectedRangeOptions\":{\"from\":{\"title\":\"2021\"},\"to\":{\"title\":\"2021\"}},\"model\":\"\"},\"quarterDropdown\":{\"options\":[],\"selectedOption\":{},\"selectedRangeOptions\":{\"from\":{},\"to\":{}}},\"monthDropdown\":{\"options\":[],\"selectedOption\":{},\"selectedRangeOptions\":{\"from\":{},\"to\":{}}},\"monthArray\":[],\"quarterArray\":[],\"pageByProperties\":{\"pageByOptions\":[{\"title\":\"search\",\"isSelected\":false},{\"title\":\"ALL\",\"isSelected\":false}],\"pageByFlag\":false,\"reportObjectIdentifier\":1,\"pageIndexForPageBy\":1,\"reportRequestKeySavingForPagination\":{},\"noOfTimesPaginationIsPossible\":1,\"selectedValue\":\"All\",\"addEvent\":false},\"filterIdentifierType\":0,\"Level\":1,\"isCoupled\":true,\"isLast\":false,\"operator\":\"AND\",\"showLinkIcon\":false,\"isGrouped\":false,\"reportObjectDataType\":5,\"formatKey\":\"\",\"isLinkActive\":false,\"isLocationObjectType\":false,\"isStandardFilterRO\":false,\"reportDocumentMappingField\":\"\",\"isAggregatedDerivedMeasure\":false},\"sortOrder\":0,\"sortType\":1},{\"reportObject\":{\"displayName\":\"LEVEL1 Category\",\"reportObjectName\":\"LEVEL1 Category\",\"isDerived\":false,\"isFilterable\":false,\"isTransactional\":false,\"layoutArea\":0,\"objectGroupName\":\"category\",\"reportObjectId\":\"5a85eb95-df46-4e97-9b4a-de66e5b4ab8f\",\"reportObjectType\":1,\"sequenceNumber\":64,\"isDrillToTransactional\":true,\"drillTransactionOrder\":8,\"isSelectAll\":false,\"partialSelect\":false,\"showSelected\":false,\"filterBy\":1,\"filterTabInfo\":\"\",\"filterRadioOperator\":0,\"filterConditionValue\":\"\",\"filterConditionRangeValue\":{\"from\":\"\",\"to\":\"\"},\"filterConditionOperator\":-1,\"selectAllTxt\":\"All\",\"filterList\":[],\"preCanValues\":[],\"filterCount\":-1,\"isFilterDataLoaded\":false,\"filterType\":1,\"currentDrop\":\"ROW\",\"isFiltered\":false,\"filterConditions\":[],\"periodFilterConditions\":[],\"filterConditionText\":\"\",\"filterSearchText\":\"\",\"selectedFilterList\":[],\"filterValueSet\":false,\"setPeriodFilterData\":false,\"filterSelSet\":false,\"filterCdnSet\":false,\"allRequiredData\":[],\"selectAll\":false,\"filterTypeObjectId\":\"10efc3f0-7ec5-4d8f-b6da-0b476d07629d\",\"isOnOrAfterTerm\":\"\",\"isSelected\":false,\"isDisable\":false,\"reportObjectWidth\":150,\"isDrill\":false,\"today\":\"2021-07-21T07:49:53.275Z\",\"tableName\":\"\",\"expression\":\"\",\"derivedRoType\":0,\"createdBy\":0,\"parentReportObjects\":null,\"configurationValue\":\"\",\"autoCompleteFilterData\":\"\",\"autoCompleteFilterList\":[],\"sourceYear\":{\"displaytitle\":\"Select Year\",\"selectTypeOption\":{},\"options\":[],\"selectedoption\":\"\"},\"sourceQuarter\":{\"displaytitle\":\"Select Quarter\",\"selectTypeOption\":{},\"options\":[],\"selectedoption\":\"\"},\"sourceMonth\":{\"displaytitle\":\"Select Month\",\"selectTypeOption\":{},\"options\":[],\"selectedoption\":\"\"},\"yearDropdown\":{\"options\":[],\"selectedOption\":{\"title\":\"2021\"},\"selectedRangeOptions\":{\"from\":{\"title\":\"2021\"},\"to\":{\"title\":\"2021\"}},\"model\":\"\"},\"quarterDropdown\":{\"options\":[],\"selectedOption\":{},\"selectedRangeOptions\":{\"from\":{},\"to\":{}}},\"monthDropdown\":{\"options\":[],\"selectedOption\":{},\"selectedRangeOptions\":{\"from\":{},\"to\":{}}},\"monthArray\":[],\"quarterArray\":[],\"pageByProperties\":{\"pageByOptions\":[{\"title\":\"search\",\"isSelected\":false},{\"title\":\"ALL\",\"isSelected\":false}],\"pageByFlag\":false,\"reportObjectIdentifier\":1,\"pageIndexForPageBy\":1,\"reportRequestKeySavingForPagination\":{},\"noOfTimesPaginationIsPossible\":1,\"selectedValue\":\"All\",\"addEvent\":false},\"filterIdentifierType\":0,\"Level\":1,\"isCoupled\":true,\"isLast\":false,\"operator\":\"AND\",\"showLinkIcon\":false,\"isGrouped\":false,\"reportObjectDataType\":0,\"formatKey\":\"\",\"isLinkActive\":false,\"isLocationObjectType\":false,\"isStandardFilterRO\":false,\"reportDocumentMappingField\":\"\",\"isAggregatedDerivedMeasure\":false},\"sortOrder\":1,\"sortType\":0}],\"dataSourceObjectId\":\"329faaf4-0a97-4190-b8bc-a3355b4c717f\",\"dataSourceType\":0,\"lstReportObject\":[{\"displayName\":\"LEVEL1 Category\",\"reportObjectName\":\"LEVEL1 Category\",\"isDerived\":false,\"isFilterable\":false,\"isTransactional\":false,\"layoutArea\":0,\"objectGroupName\":\"category\",\"reportObjectId\":\"5a85eb95-df46-4e97-9b4a-de66e5b4ab8f\",\"reportObjectType\":1,\"sequenceNumber\":64,\"isDrillToTransactional\":true,\"drillTransactionOrder\":8,\"isSelectAll\":false,\"partialSelect\":false,\"showSelected\":false,\"filterBy\":1,\"filterTabInfo\":\"\",\"filterRadioOperator\":0,\"filterConditionValue\":\"\",\"filterConditionRangeValue\":{\"from\":\"\",\"to\":\"\"},\"filterConditionOperator\":-1,\"selectAllTxt\":\"All\",\"filterList\":[],\"preCanValues\":[],\"filterCount\":-1,\"isFilterDataLoaded\":false,\"filterType\":1,\"currentDrop\":\"ROW\",\"isFiltered\":false,\"filterConditions\":[],\"periodFilterConditions\":[],\"filterConditionText\":\"\",\"filterSearchText\":\"\",\"selectedFilterList\":[],\"filterValueSet\":false,\"setPeriodFilterData\":false,\"filterSelSet\":false,\"filterCdnSet\":false,\"allRequiredData\":[],\"selectAll\":false,\"filterTypeObjectId\":\"10efc3f0-7ec5-4d8f-b6da-0b476d07629d\",\"isOnOrAfterTerm\":\"\",\"isSelected\":false,\"isDisable\":false,\"reportObjectWidth\":150,\"isDrill\":false,\"today\":\"2021-07-21T07:49:53.275Z\",\"tableName\":\"\",\"expression\":\"\",\"derivedRoType\":0,\"createdBy\":0,\"parentReportObjects\":null,\"configurationValue\":\"\",\"autoCompleteFilterData\":\"\",\"autoCompleteFilterList\":[],\"sourceYear\":{\"displaytitle\":\"Select Year\",\"selectTypeOption\":{},\"options\":[],\"selectedoption\":\"\"},\"sourceQuarter\":{\"displaytitle\":\"Select Quarter\",\"selectTypeOption\":{},\"options\":[],\"selectedoption\":\"\"},\"sourceMonth\":{\"displaytitle\":\"Select Month\",\"selectTypeOption\":{},\"options\":[],\"selectedoption\":\"\"},\"yearDropdown\":{\"options\":[],\"selectedOption\":{\"title\":\"2021\"},\"selectedRangeOptions\":{\"from\":{\"title\":\"2021\"},\"to\":{\"title\":\"2021\"}},\"model\":\"\"},\"quarterDropdown\":{\"options\":[],\"selectedOption\":{},\"selectedRangeOptions\":{\"from\":{},\"to\":{}}},\"monthDropdown\":{\"options\":[],\"selectedOption\":{},\"selectedRangeOptions\":{\"from\":{},\"to\":{}}},\"monthArray\":[],\"quarterArray\":[],\"pageByProperties\":{\"pageByOptions\":[{\"title\":\"search\",\"isSelected\":false},{\"title\":\"ALL\",\"isSelected\":false}],\"pageByFlag\":false,\"reportObjectIdentifier\":1,\"pageIndexForPageBy\":1,\"reportRequestKeySavingForPagination\":{},\"noOfTimesPaginationIsPossible\":1,\"selectedValue\":\"All\",\"addEvent\":false},\"filterIdentifierType\":0,\"Level\":1,\"isCoupled\":true,\"isLast\":false,\"operator\":\"AND\",\"showLinkIcon\":false,\"isGrouped\":false,\"reportObjectDataType\":0,\"formatKey\":\"\",\"isLinkActive\":false,\"isLocationObjectType\":false,\"isStandardFilterRO\":false,\"reportDocumentMappingField\":\"\",\"isAggregatedDerivedMeasure\":false},{\"displayName\":\"Spend In EUR\",\"reportObjectName\":\"Spend In EUR\",\"isDerived\":false,\"isFilterable\":false,\"isTransactional\":false,\"layoutArea\":2,\"objectGroupName\":\"Measure\",\"reportObjectId\":\"2f9a2859-bd5a-44e9-b4d7-82d5cbfd13cf\",\"reportObjectType\":0,\"sequenceNumber\":70,\"isDrillToTransactional\":false,\"drillTransactionOrder\":1,\"isSelectAll\":false,\"partialSelect\":false,\"showSelected\":false,\"filterBy\":1,\"filterTabInfo\":\"\",\"filterRadioOperator\":0,\"filterConditionValue\":\"\",\"filterConditionRangeValue\":{\"from\":\"\",\"to\":\"\"},\"filterConditionOperator\":-1,\"selectAllTxt\":\"All\",\"filterList\":[],\"preCanValues\":[],\"filterCount\":-1,\"isFilterDataLoaded\":false,\"filterType\":2,\"currentDrop\":\"VALUE\",\"isFiltered\":false,\"filterConditions\":[],\"periodFilterConditions\":[],\"filterConditionText\":\"\",\"filterSearchText\":\"\",\"selectedFilterList\":[],\"filterValueSet\":false,\"setPeriodFilterData\":false,\"filterSelSet\":false,\"filterCdnSet\":false,\"allRequiredData\":[],\"selectAll\":false,\"filterTypeObjectId\":\"9ef922e5-ff0b-408f-b8a3-a6c5928d5d29\",\"isOnOrAfterTerm\":\"\",\"isSelected\":false,\"isDisable\":false,\"reportObjectWidth\":150,\"isDrill\":false,\"today\":\"2021-07-21T07:49:53.277Z\",\"tableName\":\"\",\"expression\":\"\",\"derivedRoType\":0,\"createdBy\":0,\"parentReportObjects\":null,\"configurationValue\":\"{\\\"type\\\":2,\\\"decimal\\\":0,\\\"negativeFormat\\\":1,\\\"displayUnit\\\":0,\\\"isThousandSeparator\\\":true,\\\"currencyFormat\\\":0}\",\"autoCompleteFilterData\":\"\",\"autoCompleteFilterList\":[],\"sourceYear\":{\"displaytitle\":\"Select Year\",\"selectTypeOption\":{},\"options\":[],\"selectedoption\":\"\"},\"sourceQuarter\":{\"displaytitle\":\"Select Quarter\",\"selectTypeOption\":{},\"options\":[],\"selectedoption\":\"\"},\"sourceMonth\":{\"displaytitle\":\"Select Month\",\"selectTypeOption\":{},\"options\":[],\"selectedoption\":\"\"},\"yearDropdown\":{\"options\":[],\"selectedOption\":{\"title\":\"2021\"},\"selectedRangeOptions\":{\"from\":{\"title\":\"2021\"},\"to\":{\"title\":\"2021\"}},\"model\":\"\"},\"quarterDropdown\":{\"options\":[],\"selectedOption\":{},\"selectedRangeOptions\":{\"from\":{},\"to\":{}}},\"monthDropdown\":{\"options\":[],\"selectedOption\":{},\"selectedRangeOptions\":{\"from\":{},\"to\":{}}},\"monthArray\":[],\"quarterArray\":[],\"pageByProperties\":{\"pageByOptions\":[{\"title\":\"search\",\"isSelected\":false},{\"title\":\"ALL\",\"isSelected\":false}],\"pageByFlag\":false,\"reportObjectIdentifier\":1,\"pageIndexForPageBy\":1,\"reportRequestKeySavingForPagination\":{},\"noOfTimesPaginationIsPossible\":1,\"selectedValue\":\"All\",\"addEvent\":false},\"filterIdentifierType\":0,\"Level\":1,\"isCoupled\":true,\"isLast\":false,\"operator\":\"AND\",\"showLinkIcon\":false,\"isGrouped\":false,\"reportObjectDataType\":5,\"formatKey\":\"\",\"isLinkActive\":false,\"isLocationObjectType\":false,\"isStandardFilterRO\":false,\"reportDocumentMappingField\":\"\",\"isAggregatedDerivedMeasure\":false}],\"lstFilterReportObject\":[],\"reportViewType\":1,\"reportRequestKey\":\"a0a7ac1e-0167-465a-b80d-a93f21524e8210204000002102_0\",\"pageSize\":21,\"isJumpToState\":false}",
      "data": {
        "NextSetRequestData": {
          "LEVEL1 Category": "(QA IN PROGRESS)",
          "Spend In EUR": 1808.8801029
        },
        "FirstRowDataForEachPage": [],
        "Data": [
          {
            "LEVEL1 Category": "DIRECT",
            "Spend In EUR": 2669931.5745759662
          },
          {
            "LEVEL1 Category": "INDIRECT",
            "Spend In EUR": 1727396.1893313543
          },
          {
            "LEVEL1 Category": "LOGISTICS",
            "Spend In EUR": 98314.605019289127
          },
          {
            "LEVEL1 Category": "NON PROCURABLE",
            "Spend In EUR": 10468.170042526
          },
          {
            "LEVEL1 Category": "(QA IN PROGRESS)",
            "Spend In EUR": 1808.8801029
          }
        ],
        "PageSize": 21,
        "TotalRowCount": 5,
        "GrandTotal": {
          "Spend In EUR": 4507919.4190720282
        }
      }
    },
    {
      "chartType": "histogram",
      "reportObjDetails": "{\"isGrandTotalRequired\":false,\"isSubTotalRequired\":false,\"isLazyLoadingRequired\":true,\"pageIndex\":1,\"isGNG\":false,\"isGaugeGNG\":false,\"isRangeRedToGreenColor\":false,\"isPercentageEnabledSummaryCard\":false,\"filterExpression\":\"\",\"lstSortReportObject\":[{\"reportObject\":{\"displayName\":\"DR11\",\"reportObjectName\":\"DR11\",\"isDerived\":false,\"isFilterable\":true,\"isTransactional\":false,\"layoutArea\":2,\"objectGroupName\":\"Derived  Measures\",\"reportObjectId\":\"c8db00bc-c7db-414e-95d9-42a6f251de00\",\"reportObjectType\":4,\"sequenceNumber\":13,\"isDrillToTransactional\":false,\"drillTransactionOrder\":0,\"isSelectAll\":false,\"partialSelect\":false,\"showSelected\":false,\"filterBy\":1,\"filterTabInfo\":\"\",\"filterRadioOperator\":0,\"filterConditionValue\":\"\",\"filterConditionRangeValue\":{\"from\":\"\",\"to\":\"\"},\"filterConditionOperator\":-1,\"selectAllTxt\":\"All\",\"filterList\":[],\"preCanValues\":[],\"filterCount\":-1,\"isFilterDataLoaded\":false,\"filterType\":2,\"currentDrop\":\"VALUE\",\"isFiltered\":false,\"filterConditions\":[],\"periodFilterConditions\":[],\"filterConditionText\":\"\",\"filterSearchText\":\"\",\"selectedFilterList\":[],\"filterValueSet\":false,\"setPeriodFilterData\":false,\"filterSelSet\":false,\"filterCdnSet\":false,\"allRequiredData\":[],\"selectAll\":false,\"filterTypeObjectId\":\"9ef922e5-ff0b-408f-b8a3-a6c5928d5d29\",\"isOnOrAfterTerm\":\"\",\"isSelected\":false,\"isDisable\":false,\"reportObjectWidth\":88,\"isDrill\":false,\"today\":\"2021-07-21T10:03:31.257Z\",\"tableName\":\"Spend\",\"expression\":\"7f54e1b6-fac9-4f8a-b092-aa9a8ee984bb-200\",\"derivedRoType\":0,\"createdBy\":10204000002,\"parentReportObjects\":[{\"displayName\":\"Spend In USD\",\"reportObjectName\":\"Spend In USD\",\"isDerived\":false,\"isFilterable\":false,\"isTransactional\":false,\"layoutArea\":-1,\"objectGroupName\":\"Measure\",\"reportObjectId\":\"7f54e1b6-fac9-4f8a-b092-aa9a8ee984bb\",\"reportObjectType\":0,\"sequenceNumber\":71,\"isDrillToTransactional\":false,\"drillTransactionOrder\":3,\"isSelectAll\":false,\"partialSelect\":false,\"showSelected\":false,\"filterBy\":1,\"filterTabInfo\":\"\",\"filterRadioOperator\":0,\"filterConditionValue\":\"\",\"filterConditionRangeValue\":{\"from\":\"\",\"to\":\"\"},\"filterConditionOperator\":-1,\"selectAllTxt\":\"All\",\"filterList\":[],\"preCanValues\":[],\"filterCount\":-1,\"isFilterDataLoaded\":false,\"filterType\":2,\"currentDrop\":\"\",\"isFiltered\":false,\"filterConditions\":[],\"periodFilterConditions\":[],\"filterConditionText\":\"\",\"filterSearchText\":\"\",\"selectedFilterList\":[],\"filterValueSet\":false,\"setPeriodFilterData\":false,\"filterSelSet\":false,\"filterCdnSet\":false,\"allRequiredData\":[],\"selectAll\":false,\"filterTypeObjectId\":\"9ef922e5-ff0b-408f-b8a3-a6c5928d5d29\",\"isOnOrAfterTerm\":\"\",\"isSelected\":false,\"isDisable\":false,\"reportObjectWidth\":150,\"isDrill\":false,\"today\":\"2021-07-21T10:03:31.257Z\",\"tableName\":\"\",\"expression\":\"\",\"derivedRoType\":0,\"createdBy\":0,\"parentReportObjects\":null,\"configurationValue\":\"\",\"autoCompleteFilterData\":\"\",\"autoCompleteFilterList\":[],\"sourceYear\":{\"displaytitle\":\"Select Year\",\"selectTypeOption\":{},\"options\":[],\"selectedoption\":\"\"},\"sourceQuarter\":{\"displaytitle\":\"Select Quarter\",\"selectTypeOption\":{},\"options\":[],\"selectedoption\":\"\"},\"sourceMonth\":{\"displaytitle\":\"Select Month\",\"selectTypeOption\":{},\"options\":[],\"selectedoption\":\"\"},\"yearDropdown\":{\"options\":[],\"selectedOption\":{\"title\":\"2021\"},\"selectedRangeOptions\":{\"from\":{\"title\":\"2021\"},\"to\":{\"title\":\"2021\"}},\"model\":\"\"},\"quarterDropdown\":{\"options\":[],\"selectedOption\":{},\"selectedRangeOptions\":{\"from\":{},\"to\":{}}},\"monthDropdown\":{\"options\":[],\"selectedOption\":{},\"selectedRangeOptions\":{\"from\":{},\"to\":{}}},\"monthArray\":[],\"quarterArray\":[],\"pageByProperties\":{\"pageByOptions\":[{\"title\":\"search\",\"isSelected\":false},{\"title\":\"ALL\",\"isSelected\":false}],\"pageByFlag\":false,\"reportObjectIdentifier\":1,\"pageIndexForPageBy\":1,\"reportRequestKeySavingForPagination\":{},\"noOfTimesPaginationIsPossible\":1,\"selectedValue\":\"All\",\"addEvent\":false},\"filterIdentifierType\":0,\"Level\":1,\"isCoupled\":true,\"isLast\":false,\"operator\":\"AND\",\"showLinkIcon\":false,\"isGrouped\":false,\"reportObjectDataType\":5,\"formatKey\":\"\",\"isLinkActive\":false,\"isLocationObjectType\":false,\"isStandardFilterRO\":false,\"reportDocumentMappingField\":\"\"}],\"configurationValue\":\"{\\\"type\\\":1,\\\"decimal\\\":0,\\\"negativeFormat\\\":1,\\\"displayUnit\\\":0,\\\"isThousandSeparator\\\":true}\",\"autoCompleteFilterData\":\"\",\"autoCompleteFilterList\":[],\"sourceYear\":{\"displaytitle\":\"Select Year\",\"selectTypeOption\":{},\"options\":[],\"selectedoption\":\"\"},\"sourceQuarter\":{\"displaytitle\":\"Select Quarter\",\"selectTypeOption\":{},\"options\":[],\"selectedoption\":\"\"},\"sourceMonth\":{\"displaytitle\":\"Select Month\",\"selectTypeOption\":{},\"options\":[],\"selectedoption\":\"\"},\"yearDropdown\":{\"options\":[],\"selectedOption\":{\"title\":\"2021\"},\"selectedRangeOptions\":{\"from\":{\"title\":\"2021\"},\"to\":{\"title\":\"2021\"}},\"model\":\"\"},\"quarterDropdown\":{\"options\":[],\"selectedOption\":{},\"selectedRangeOptions\":{\"from\":{},\"to\":{}}},\"monthDropdown\":{\"options\":[],\"selectedOption\":{},\"selectedRangeOptions\":{\"from\":{},\"to\":{}}},\"monthArray\":[],\"quarterArray\":[],\"pageByProperties\":{\"pageByOptions\":[{\"title\":\"search\",\"isSelected\":false},{\"title\":\"ALL\",\"isSelected\":false}],\"pageByFlag\":false,\"reportObjectIdentifier\":1,\"pageIndexForPageBy\":1,\"reportRequestKeySavingForPagination\":{},\"noOfTimesPaginationIsPossible\":1,\"selectedValue\":\"All\",\"addEvent\":false},\"filterIdentifierType\":0,\"Level\":1,\"isCoupled\":true,\"isLast\":false,\"operator\":\"AND\",\"showLinkIcon\":false,\"isGrouped\":false,\"reportObjectDataType\":5,\"formatKey\":\"\",\"isLinkActive\":false,\"isLocationObjectType\":false,\"isStandardFilterRO\":false,\"reportDocumentMappingField\":\"\",\"isAggregatedDerivedMeasure\":false},\"sortOrder\":0,\"sortType\":1},{\"reportObject\":{\"displayName\":\"LEVEL1 Category\",\"reportObjectName\":\"LEVEL1 Category\",\"isDerived\":false,\"isFilterable\":false,\"isTransactional\":false,\"layoutArea\":0,\"objectGroupName\":\"category\",\"reportObjectId\":\"5a85eb95-df46-4e97-9b4a-de66e5b4ab8f\",\"reportObjectType\":1,\"sequenceNumber\":64,\"isDrillToTransactional\":true,\"drillTransactionOrder\":8,\"isSelectAll\":false,\"partialSelect\":false,\"showSelected\":false,\"filterBy\":1,\"filterTabInfo\":\"\",\"filterRadioOperator\":0,\"filterConditionValue\":\"\",\"filterConditionRangeValue\":{\"from\":\"\",\"to\":\"\"},\"filterConditionOperator\":-1,\"selectAllTxt\":\"All\",\"filterList\":[],\"preCanValues\":[],\"filterCount\":-1,\"isFilterDataLoaded\":false,\"filterType\":1,\"currentDrop\":\"ROW\",\"isFiltered\":false,\"filterConditions\":[],\"periodFilterConditions\":[],\"filterConditionText\":\"\",\"filterSearchText\":\"\",\"selectedFilterList\":[],\"filterValueSet\":false,\"setPeriodFilterData\":false,\"filterSelSet\":false,\"filterCdnSet\":false,\"allRequiredData\":[],\"selectAll\":false,\"filterTypeObjectId\":\"10efc3f0-7ec5-4d8f-b6da-0b476d07629d\",\"isOnOrAfterTerm\":\"\",\"isSelected\":false,\"isDisable\":false,\"reportObjectWidth\":150,\"isDrill\":false,\"today\":\"2021-07-21T10:03:31.246Z\",\"tableName\":\"\",\"expression\":\"\",\"derivedRoType\":0,\"createdBy\":0,\"parentReportObjects\":null,\"configurationValue\":\"\",\"autoCompleteFilterData\":\"\",\"autoCompleteFilterList\":[],\"sourceYear\":{\"displaytitle\":\"Select Year\",\"selectTypeOption\":{},\"options\":[],\"selectedoption\":\"\"},\"sourceQuarter\":{\"displaytitle\":\"Select Quarter\",\"selectTypeOption\":{},\"options\":[],\"selectedoption\":\"\"},\"sourceMonth\":{\"displaytitle\":\"Select Month\",\"selectTypeOption\":{},\"options\":[],\"selectedoption\":\"\"},\"yearDropdown\":{\"options\":[],\"selectedOption\":{\"title\":\"2021\"},\"selectedRangeOptions\":{\"from\":{\"title\":\"2021\"},\"to\":{\"title\":\"2021\"}},\"model\":\"\"},\"quarterDropdown\":{\"options\":[],\"selectedOption\":{},\"selectedRangeOptions\":{\"from\":{},\"to\":{}}},\"monthDropdown\":{\"options\":[],\"selectedOption\":{},\"selectedRangeOptions\":{\"from\":{},\"to\":{}}},\"monthArray\":[],\"quarterArray\":[],\"pageByProperties\":{\"pageByOptions\":[{\"title\":\"search\",\"isSelected\":false},{\"title\":\"ALL\",\"isSelected\":false}],\"pageByFlag\":false,\"reportObjectIdentifier\":1,\"pageIndexForPageBy\":1,\"reportRequestKeySavingForPagination\":{},\"noOfTimesPaginationIsPossible\":1,\"selectedValue\":\"All\",\"addEvent\":false},\"filterIdentifierType\":0,\"Level\":1,\"isCoupled\":true,\"isLast\":false,\"operator\":\"AND\",\"showLinkIcon\":false,\"isGrouped\":false,\"reportObjectDataType\":0,\"formatKey\":\"\",\"isLinkActive\":false,\"isLocationObjectType\":false,\"isStandardFilterRO\":false,\"reportDocumentMappingField\":\"\",\"isAggregatedDerivedMeasure\":false},\"sortOrder\":1,\"sortType\":0}],\"dataSourceObjectId\":\"329faaf4-0a97-4190-b8bc-a3355b4c717f\",\"dataSourceType\":0,\"lstReportObject\":[{\"displayName\":\"LEVEL1 Category\",\"reportObjectName\":\"LEVEL1 Category\",\"isDerived\":false,\"isFilterable\":false,\"isTransactional\":false,\"layoutArea\":0,\"objectGroupName\":\"category\",\"reportObjectId\":\"5a85eb95-df46-4e97-9b4a-de66e5b4ab8f\",\"reportObjectType\":1,\"sequenceNumber\":64,\"isDrillToTransactional\":true,\"drillTransactionOrder\":8,\"isSelectAll\":false,\"partialSelect\":false,\"showSelected\":false,\"filterBy\":1,\"filterTabInfo\":\"\",\"filterRadioOperator\":0,\"filterConditionValue\":\"\",\"filterConditionRangeValue\":{\"from\":\"\",\"to\":\"\"},\"filterConditionOperator\":-1,\"selectAllTxt\":\"All\",\"filterList\":[],\"preCanValues\":[],\"filterCount\":-1,\"isFilterDataLoaded\":false,\"filterType\":1,\"currentDrop\":\"ROW\",\"isFiltered\":false,\"filterConditions\":[],\"periodFilterConditions\":[],\"filterConditionText\":\"\",\"filterSearchText\":\"\",\"selectedFilterList\":[],\"filterValueSet\":false,\"setPeriodFilterData\":false,\"filterSelSet\":false,\"filterCdnSet\":false,\"allRequiredData\":[],\"selectAll\":false,\"filterTypeObjectId\":\"10efc3f0-7ec5-4d8f-b6da-0b476d07629d\",\"isOnOrAfterTerm\":\"\",\"isSelected\":false,\"isDisable\":false,\"reportObjectWidth\":150,\"isDrill\":false,\"today\":\"2021-07-21T10:03:31.246Z\",\"tableName\":\"\",\"expression\":\"\",\"derivedRoType\":0,\"createdBy\":0,\"parentReportObjects\":null,\"configurationValue\":\"\",\"autoCompleteFilterData\":\"\",\"autoCompleteFilterList\":[],\"sourceYear\":{\"displaytitle\":\"Select Year\",\"selectTypeOption\":{},\"options\":[],\"selectedoption\":\"\"},\"sourceQuarter\":{\"displaytitle\":\"Select Quarter\",\"selectTypeOption\":{},\"options\":[],\"selectedoption\":\"\"},\"sourceMonth\":{\"displaytitle\":\"Select Month\",\"selectTypeOption\":{},\"options\":[],\"selectedoption\":\"\"},\"yearDropdown\":{\"options\":[],\"selectedOption\":{\"title\":\"2021\"},\"selectedRangeOptions\":{\"from\":{\"title\":\"2021\"},\"to\":{\"title\":\"2021\"}},\"model\":\"\"},\"quarterDropdown\":{\"options\":[],\"selectedOption\":{},\"selectedRangeOptions\":{\"from\":{},\"to\":{}}},\"monthDropdown\":{\"options\":[],\"selectedOption\":{},\"selectedRangeOptions\":{\"from\":{},\"to\":{}}},\"monthArray\":[],\"quarterArray\":[],\"pageByProperties\":{\"pageByOptions\":[{\"title\":\"search\",\"isSelected\":false},{\"title\":\"ALL\",\"isSelected\":false}],\"pageByFlag\":false,\"reportObjectIdentifier\":1,\"pageIndexForPageBy\":1,\"reportRequestKeySavingForPagination\":{},\"noOfTimesPaginationIsPossible\":1,\"selectedValue\":\"All\",\"addEvent\":false},\"filterIdentifierType\":0,\"Level\":1,\"isCoupled\":true,\"isLast\":false,\"operator\":\"AND\",\"showLinkIcon\":false,\"isGrouped\":false,\"reportObjectDataType\":0,\"formatKey\":\"\",\"isLinkActive\":false,\"isLocationObjectType\":false,\"isStandardFilterRO\":false,\"reportDocumentMappingField\":\"\",\"isAggregatedDerivedMeasure\":false},{\"displayName\":\"DR11\",\"reportObjectName\":\"DR11\",\"isDerived\":false,\"isFilterable\":true,\"isTransactional\":false,\"layoutArea\":2,\"objectGroupName\":\"Derived  Measures\",\"reportObjectId\":\"c8db00bc-c7db-414e-95d9-42a6f251de00\",\"reportObjectType\":4,\"sequenceNumber\":13,\"isDrillToTransactional\":false,\"drillTransactionOrder\":0,\"isSelectAll\":false,\"partialSelect\":false,\"showSelected\":false,\"filterBy\":1,\"filterTabInfo\":\"\",\"filterRadioOperator\":0,\"filterConditionValue\":\"\",\"filterConditionRangeValue\":{\"from\":\"\",\"to\":\"\"},\"filterConditionOperator\":-1,\"selectAllTxt\":\"All\",\"filterList\":[],\"preCanValues\":[],\"filterCount\":-1,\"isFilterDataLoaded\":false,\"filterType\":2,\"currentDrop\":\"VALUE\",\"isFiltered\":false,\"filterConditions\":[],\"periodFilterConditions\":[],\"filterConditionText\":\"\",\"filterSearchText\":\"\",\"selectedFilterList\":[],\"filterValueSet\":false,\"setPeriodFilterData\":false,\"filterSelSet\":false,\"filterCdnSet\":false,\"allRequiredData\":[],\"selectAll\":false,\"filterTypeObjectId\":\"9ef922e5-ff0b-408f-b8a3-a6c5928d5d29\",\"isOnOrAfterTerm\":\"\",\"isSelected\":false,\"isDisable\":false,\"reportObjectWidth\":88,\"isDrill\":false,\"today\":\"2021-07-21T10:03:31.257Z\",\"tableName\":\"Spend\",\"expression\":\"7f54e1b6-fac9-4f8a-b092-aa9a8ee984bb-200\",\"derivedRoType\":0,\"createdBy\":10204000002,\"parentReportObjects\":[{\"displayName\":\"Spend In USD\",\"reportObjectName\":\"Spend In USD\",\"isDerived\":false,\"isFilterable\":false,\"isTransactional\":false,\"layoutArea\":-1,\"objectGroupName\":\"Measure\",\"reportObjectId\":\"7f54e1b6-fac9-4f8a-b092-aa9a8ee984bb\",\"reportObjectType\":0,\"sequenceNumber\":71,\"isDrillToTransactional\":false,\"drillTransactionOrder\":3,\"isSelectAll\":false,\"partialSelect\":false,\"showSelected\":false,\"filterBy\":1,\"filterTabInfo\":\"\",\"filterRadioOperator\":0,\"filterConditionValue\":\"\",\"filterConditionRangeValue\":{\"from\":\"\",\"to\":\"\"},\"filterConditionOperator\":-1,\"selectAllTxt\":\"All\",\"filterList\":[],\"preCanValues\":[],\"filterCount\":-1,\"isFilterDataLoaded\":false,\"filterType\":2,\"currentDrop\":\"\",\"isFiltered\":false,\"filterConditions\":[],\"periodFilterConditions\":[],\"filterConditionText\":\"\",\"filterSearchText\":\"\",\"selectedFilterList\":[],\"filterValueSet\":false,\"setPeriodFilterData\":false,\"filterSelSet\":false,\"filterCdnSet\":false,\"allRequiredData\":[],\"selectAll\":false,\"filterTypeObjectId\":\"9ef922e5-ff0b-408f-b8a3-a6c5928d5d29\",\"isOnOrAfterTerm\":\"\",\"isSelected\":false,\"isDisable\":false,\"reportObjectWidth\":150,\"isDrill\":false,\"today\":\"2021-07-21T10:03:31.257Z\",\"tableName\":\"\",\"expression\":\"\",\"derivedRoType\":0,\"createdBy\":0,\"parentReportObjects\":null,\"configurationValue\":\"\",\"autoCompleteFilterData\":\"\",\"autoCompleteFilterList\":[],\"sourceYear\":{\"displaytitle\":\"Select Year\",\"selectTypeOption\":{},\"options\":[],\"selectedoption\":\"\"},\"sourceQuarter\":{\"displaytitle\":\"Select Quarter\",\"selectTypeOption\":{},\"options\":[],\"selectedoption\":\"\"},\"sourceMonth\":{\"displaytitle\":\"Select Month\",\"selectTypeOption\":{},\"options\":[],\"selectedoption\":\"\"},\"yearDropdown\":{\"options\":[],\"selectedOption\":{\"title\":\"2021\"},\"selectedRangeOptions\":{\"from\":{\"title\":\"2021\"},\"to\":{\"title\":\"2021\"}},\"model\":\"\"},\"quarterDropdown\":{\"options\":[],\"selectedOption\":{},\"selectedRangeOptions\":{\"from\":{},\"to\":{}}},\"monthDropdown\":{\"options\":[],\"selectedOption\":{},\"selectedRangeOptions\":{\"from\":{},\"to\":{}}},\"monthArray\":[],\"quarterArray\":[],\"pageByProperties\":{\"pageByOptions\":[{\"title\":\"search\",\"isSelected\":false},{\"title\":\"ALL\",\"isSelected\":false}],\"pageByFlag\":false,\"reportObjectIdentifier\":1,\"pageIndexForPageBy\":1,\"reportRequestKeySavingForPagination\":{},\"noOfTimesPaginationIsPossible\":1,\"selectedValue\":\"All\",\"addEvent\":false},\"filterIdentifierType\":0,\"Level\":1,\"isCoupled\":true,\"isLast\":false,\"operator\":\"AND\",\"showLinkIcon\":false,\"isGrouped\":false,\"reportObjectDataType\":5,\"formatKey\":\"\",\"isLinkActive\":false,\"isLocationObjectType\":false,\"isStandardFilterRO\":false,\"reportDocumentMappingField\":\"\"}],\"configurationValue\":\"{\\\"type\\\":1,\\\"decimal\\\":0,\\\"negativeFormat\\\":1,\\\"displayUnit\\\":0,\\\"isThousandSeparator\\\":true}\",\"autoCompleteFilterData\":\"\",\"autoCompleteFilterList\":[],\"sourceYear\":{\"displaytitle\":\"Select Year\",\"selectTypeOption\":{},\"options\":[],\"selectedoption\":\"\"},\"sourceQuarter\":{\"displaytitle\":\"Select Quarter\",\"selectTypeOption\":{},\"options\":[],\"selectedoption\":\"\"},\"sourceMonth\":{\"displaytitle\":\"Select Month\",\"selectTypeOption\":{},\"options\":[],\"selectedoption\":\"\"},\"yearDropdown\":{\"options\":[],\"selectedOption\":{\"title\":\"2021\"},\"selectedRangeOptions\":{\"from\":{\"title\":\"2021\"},\"to\":{\"title\":\"2021\"}},\"model\":\"\"},\"quarterDropdown\":{\"options\":[],\"selectedOption\":{},\"selectedRangeOptions\":{\"from\":{},\"to\":{}}},\"monthDropdown\":{\"options\":[],\"selectedOption\":{},\"selectedRangeOptions\":{\"from\":{},\"to\":{}}},\"monthArray\":[],\"quarterArray\":[],\"pageByProperties\":{\"pageByOptions\":[{\"title\":\"search\",\"isSelected\":false},{\"title\":\"ALL\",\"isSelected\":false}],\"pageByFlag\":false,\"reportObjectIdentifier\":1,\"pageIndexForPageBy\":1,\"reportRequestKeySavingForPagination\":{},\"noOfTimesPaginationIsPossible\":1,\"selectedValue\":\"All\",\"addEvent\":false},\"filterIdentifierType\":0,\"Level\":1,\"isCoupled\":true,\"isLast\":false,\"operator\":\"AND\",\"showLinkIcon\":false,\"isGrouped\":false,\"reportObjectDataType\":5,\"formatKey\":\"\",\"isLinkActive\":false,\"isLocationObjectType\":false,\"isStandardFilterRO\":false,\"reportDocumentMappingField\":\"\",\"isAggregatedDerivedMeasure\":false},{\"displayName\":\"dr2\",\"reportObjectName\":\"dr2\",\"isDerived\":false,\"isFilterable\":true,\"isTransactional\":false,\"layoutArea\":2,\"objectGroupName\":\"Derived  Measures\",\"reportObjectId\":\"6c0ba5d7-20e8-48fa-94c6-ac92a12d219f\",\"reportObjectType\":4,\"sequenceNumber\":30,\"isDrillToTransactional\":false,\"drillTransactionOrder\":0,\"isSelectAll\":false,\"partialSelect\":false,\"showSelected\":false,\"filterBy\":1,\"filterTabInfo\":\"\",\"filterRadioOperator\":0,\"filterConditionValue\":\"\",\"filterConditionRangeValue\":{\"from\":\"\",\"to\":\"\"},\"filterConditionOperator\":-1,\"selectAllTxt\":\"All\",\"filterList\":[],\"preCanValues\":[],\"filterCount\":-1,\"isFilterDataLoaded\":false,\"filterType\":2,\"currentDrop\":\"VALUE\",\"isFiltered\":false,\"filterConditions\":[],\"periodFilterConditions\":[],\"filterConditionText\":\"\",\"filterSearchText\":\"\",\"selectedFilterList\":[],\"filterValueSet\":false,\"setPeriodFilterData\":false,\"filterSelSet\":false,\"filterCdnSet\":false,\"allRequiredData\":[],\"selectAll\":false,\"filterTypeObjectId\":\"9ef922e5-ff0b-408f-b8a3-a6c5928d5d29\",\"isOnOrAfterTerm\":\"\",\"isSelected\":false,\"isDisable\":false,\"reportObjectWidth\":88,\"isDrill\":false,\"today\":\"2021-07-21T10:03:31.258Z\",\"tableName\":\"Spend\",\"expression\":\"7f54e1b6-fac9-4f8a-b092-aa9a8ee984bb+10\",\"derivedRoType\":0,\"createdBy\":10204000002,\"parentReportObjects\":[{\"displayName\":\"Spend In USD\",\"reportObjectName\":\"Spend In USD\",\"isDerived\":false,\"isFilterable\":false,\"isTransactional\":false,\"layoutArea\":-1,\"objectGroupName\":\"Measure\",\"reportObjectId\":\"7f54e1b6-fac9-4f8a-b092-aa9a8ee984bb\",\"reportObjectType\":0,\"sequenceNumber\":71,\"isDrillToTransactional\":false,\"drillTransactionOrder\":3,\"isSelectAll\":false,\"partialSelect\":false,\"showSelected\":false,\"filterBy\":1,\"filterTabInfo\":\"\",\"filterRadioOperator\":0,\"filterConditionValue\":\"\",\"filterConditionRangeValue\":{\"from\":\"\",\"to\":\"\"},\"filterConditionOperator\":-1,\"selectAllTxt\":\"All\",\"filterList\":[],\"preCanValues\":[],\"filterCount\":-1,\"isFilterDataLoaded\":false,\"filterType\":2,\"currentDrop\":\"\",\"isFiltered\":false,\"filterConditions\":[],\"periodFilterConditions\":[],\"filterConditionText\":\"\",\"filterSearchText\":\"\",\"selectedFilterList\":[],\"filterValueSet\":false,\"setPeriodFilterData\":false,\"filterSelSet\":false,\"filterCdnSet\":false,\"allRequiredData\":[],\"selectAll\":false,\"filterTypeObjectId\":\"9ef922e5-ff0b-408f-b8a3-a6c5928d5d29\",\"isOnOrAfterTerm\":\"\",\"isSelected\":false,\"isDisable\":false,\"reportObjectWidth\":150,\"isDrill\":false,\"today\":\"2021-07-21T10:03:31.258Z\",\"tableName\":\"\",\"expression\":\"\",\"derivedRoType\":0,\"createdBy\":0,\"parentReportObjects\":null,\"configurationValue\":\"\",\"autoCompleteFilterData\":\"\",\"autoCompleteFilterList\":[],\"sourceYear\":{\"displaytitle\":\"Select Year\",\"selectTypeOption\":{},\"options\":[],\"selectedoption\":\"\"},\"sourceQuarter\":{\"displaytitle\":\"Select Quarter\",\"selectTypeOption\":{},\"options\":[],\"selectedoption\":\"\"},\"sourceMonth\":{\"displaytitle\":\"Select Month\",\"selectTypeOption\":{},\"options\":[],\"selectedoption\":\"\"},\"yearDropdown\":{\"options\":[],\"selectedOption\":{\"title\":\"2021\"},\"selectedRangeOptions\":{\"from\":{\"title\":\"2021\"},\"to\":{\"title\":\"2021\"}},\"model\":\"\"},\"quarterDropdown\":{\"options\":[],\"selectedOption\":{},\"selectedRangeOptions\":{\"from\":{},\"to\":{}}},\"monthDropdown\":{\"options\":[],\"selectedOption\":{},\"selectedRangeOptions\":{\"from\":{},\"to\":{}}},\"monthArray\":[],\"quarterArray\":[],\"pageByProperties\":{\"pageByOptions\":[{\"title\":\"search\",\"isSelected\":false},{\"title\":\"ALL\",\"isSelected\":false}],\"pageByFlag\":false,\"reportObjectIdentifier\":1,\"pageIndexForPageBy\":1,\"reportRequestKeySavingForPagination\":{},\"noOfTimesPaginationIsPossible\":1,\"selectedValue\":\"All\",\"addEvent\":false},\"filterIdentifierType\":0,\"Level\":1,\"isCoupled\":true,\"isLast\":false,\"operator\":\"AND\",\"showLinkIcon\":false,\"isGrouped\":false,\"reportObjectDataType\":5,\"formatKey\":\"\",\"isLinkActive\":false,\"isLocationObjectType\":false,\"isStandardFilterRO\":false,\"reportDocumentMappingField\":\"\"}],\"configurationValue\":\"{\\\"type\\\":1,\\\"decimal\\\":0,\\\"negativeFormat\\\":1,\\\"displayUnit\\\":0,\\\"isThousandSeparator\\\":true}\",\"autoCompleteFilterData\":\"\",\"autoCompleteFilterList\":[],\"sourceYear\":{\"displaytitle\":\"Select Year\",\"selectTypeOption\":{},\"options\":[],\"selectedoption\":\"\"},\"sourceQuarter\":{\"displaytitle\":\"Select Quarter\",\"selectTypeOption\":{},\"options\":[],\"selectedoption\":\"\"},\"sourceMonth\":{\"displaytitle\":\"Select Month\",\"selectTypeOption\":{},\"options\":[],\"selectedoption\":\"\"},\"yearDropdown\":{\"options\":[],\"selectedOption\":{\"title\":\"2021\"},\"selectedRangeOptions\":{\"from\":{\"title\":\"2021\"},\"to\":{\"title\":\"2021\"}},\"model\":\"\"},\"quarterDropdown\":{\"options\":[],\"selectedOption\":{},\"selectedRangeOptions\":{\"from\":{},\"to\":{}}},\"monthDropdown\":{\"options\":[],\"selectedOption\":{},\"selectedRangeOptions\":{\"from\":{},\"to\":{}}},\"monthArray\":[],\"quarterArray\":[],\"pageByProperties\":{\"pageByOptions\":[{\"title\":\"search\",\"isSelected\":false},{\"title\":\"ALL\",\"isSelected\":false}],\"pageByFlag\":false,\"reportObjectIdentifier\":1,\"pageIndexForPageBy\":1,\"reportRequestKeySavingForPagination\":{},\"noOfTimesPaginationIsPossible\":1,\"selectedValue\":\"All\",\"addEvent\":false},\"filterIdentifierType\":0,\"Level\":1,\"isCoupled\":true,\"isLast\":false,\"operator\":\"AND\",\"showLinkIcon\":false,\"isGrouped\":false,\"reportObjectDataType\":5,\"formatKey\":\"\",\"isLinkActive\":false,\"isLocationObjectType\":false,\"isStandardFilterRO\":false,\"reportDocumentMappingField\":\"\",\"isAggregatedDerivedMeasure\":false},{\"displayName\":\"Distinct Count(Level 5 Category)\",\"reportObjectName\":\"Distinct Count(Level 5 Category)\",\"isDerived\":false,\"isFilterable\":true,\"isTransactional\":false,\"layoutArea\":2,\"objectGroupName\":\"Derived  Measures\",\"reportObjectId\":\"cf78ce90-7ca9-4292-b7d4-521a0e467070\",\"reportObjectType\":4,\"sequenceNumber\":17,\"isDrillToTransactional\":false,\"drillTransactionOrder\":0,\"isSelectAll\":false,\"partialSelect\":false,\"showSelected\":false,\"filterBy\":1,\"filterTabInfo\":\"\",\"filterRadioOperator\":0,\"filterConditionValue\":\"\",\"filterConditionRangeValue\":{\"from\":\"\",\"to\":\"\"},\"filterConditionOperator\":-1,\"selectAllTxt\":\"All\",\"filterList\":[],\"preCanValues\":[],\"filterCount\":-1,\"isFilterDataLoaded\":false,\"filterType\":2,\"currentDrop\":\"VALUE\",\"isFiltered\":false,\"filterConditions\":[],\"periodFilterConditions\":[],\"filterConditionText\":\"\",\"filterSearchText\":\"\",\"selectedFilterList\":[],\"filterValueSet\":false,\"setPeriodFilterData\":false,\"filterSelSet\":false,\"filterCdnSet\":false,\"allRequiredData\":[],\"selectAll\":false,\"filterTypeObjectId\":\"9ef922e5-ff0b-408f-b8a3-a6c5928d5d29\",\"isOnOrAfterTerm\":\"\",\"isSelected\":false,\"isDisable\":false,\"reportObjectWidth\":88,\"isDrill\":false,\"today\":\"2021-07-21T10:03:31.257Z\",\"tableName\":\"Spend\",\"expression\":\"distinctcount(317dc2d1-4800-4aae-9895-0eeaee0d211c)\",\"derivedRoType\":0,\"createdBy\":10204000002,\"parentReportObjects\":[{\"displayName\":\"Level 5 Category\",\"reportObjectName\":\"Level 5 Category\",\"isDerived\":false,\"isFilterable\":false,\"isTransactional\":false,\"layoutArea\":-1,\"objectGroupName\":\"category\",\"reportObjectId\":\"317dc2d1-4800-4aae-9895-0eeaee0d211c\",\"reportObjectType\":1,\"sequenceNumber\":68,\"isDrillToTransactional\":false,\"drillTransactionOrder\":2,\"isSelectAll\":false,\"partialSelect\":false,\"showSelected\":false,\"filterBy\":1,\"filterTabInfo\":\"\",\"filterRadioOperator\":0,\"filterConditionValue\":\"\",\"filterConditionRangeValue\":{\"from\":\"\",\"to\":\"\"},\"filterConditionOperator\":-1,\"selectAllTxt\":\"All\",\"filterList\":[],\"preCanValues\":[],\"filterCount\":-1,\"isFilterDataLoaded\":false,\"filterType\":1,\"currentDrop\":\"\",\"isFiltered\":false,\"filterConditions\":[],\"periodFilterConditions\":[],\"filterConditionText\":\"\",\"filterSearchText\":\"\",\"selectedFilterList\":[],\"filterValueSet\":false,\"setPeriodFilterData\":false,\"filterSelSet\":false,\"filterCdnSet\":false,\"allRequiredData\":[],\"selectAll\":false,\"filterTypeObjectId\":\"10efc3f0-7ec5-4d8f-b6da-0b476d07629d\",\"isOnOrAfterTerm\":\"\",\"isSelected\":false,\"isDisable\":false,\"reportObjectWidth\":150,\"isDrill\":false,\"today\":\"2021-07-21T10:03:31.257Z\",\"tableName\":\"\",\"expression\":\"\",\"derivedRoType\":0,\"createdBy\":0,\"parentReportObjects\":null,\"configurationValue\":\"\",\"autoCompleteFilterData\":\"\",\"autoCompleteFilterList\":[],\"sourceYear\":{\"displaytitle\":\"Select Year\",\"selectTypeOption\":{},\"options\":[],\"selectedoption\":\"\"},\"sourceQuarter\":{\"displaytitle\":\"Select Quarter\",\"selectTypeOption\":{},\"options\":[],\"selectedoption\":\"\"},\"sourceMonth\":{\"displaytitle\":\"Select Month\",\"selectTypeOption\":{},\"options\":[],\"selectedoption\":\"\"},\"yearDropdown\":{\"options\":[],\"selectedOption\":{\"title\":\"2021\"},\"selectedRangeOptions\":{\"from\":{\"title\":\"2021\"},\"to\":{\"title\":\"2021\"}},\"model\":\"\"},\"quarterDropdown\":{\"options\":[],\"selectedOption\":{},\"selectedRangeOptions\":{\"from\":{},\"to\":{}}},\"monthDropdown\":{\"options\":[],\"selectedOption\":{},\"selectedRangeOptions\":{\"from\":{},\"to\":{}}},\"monthArray\":[],\"quarterArray\":[],\"pageByProperties\":{\"pageByOptions\":[{\"title\":\"search\",\"isSelected\":false},{\"title\":\"ALL\",\"isSelected\":false}],\"pageByFlag\":false,\"reportObjectIdentifier\":1,\"pageIndexForPageBy\":1,\"reportRequestKeySavingForPagination\":{},\"noOfTimesPaginationIsPossible\":1,\"selectedValue\":\"All\",\"addEvent\":false},\"filterIdentifierType\":0,\"Level\":1,\"isCoupled\":true,\"isLast\":false,\"operator\":\"AND\",\"showLinkIcon\":false,\"isGrouped\":false,\"reportObjectDataType\":0,\"formatKey\":\"\",\"isLinkActive\":false,\"isLocationObjectType\":false,\"isStandardFilterRO\":false,\"reportDocumentMappingField\":\"\"}],\"configurationValue\":\"\",\"autoCompleteFilterData\":\"\",\"autoCompleteFilterList\":[],\"sourceYear\":{\"displaytitle\":\"Select Year\",\"selectTypeOption\":{},\"options\":[],\"selectedoption\":\"\"},\"sourceQuarter\":{\"displaytitle\":\"Select Quarter\",\"selectTypeOption\":{},\"options\":[],\"selectedoption\":\"\"},\"sourceMonth\":{\"displaytitle\":\"Select Month\",\"selectTypeOption\":{},\"options\":[],\"selectedoption\":\"\"},\"yearDropdown\":{\"options\":[],\"selectedOption\":{\"title\":\"2021\"},\"selectedRangeOptions\":{\"from\":{\"title\":\"2021\"},\"to\":{\"title\":\"2021\"}},\"model\":\"\"},\"quarterDropdown\":{\"options\":[],\"selectedOption\":{},\"selectedRangeOptions\":{\"from\":{},\"to\":{}}},\"monthDropdown\":{\"options\":[],\"selectedOption\":{},\"selectedRangeOptions\":{\"from\":{},\"to\":{}}},\"monthArray\":[],\"quarterArray\":[],\"pageByProperties\":{\"pageByOptions\":[{\"title\":\"search\",\"isSelected\":false},{\"title\":\"ALL\",\"isSelected\":false}],\"pageByFlag\":false,\"reportObjectIdentifier\":1,\"pageIndexForPageBy\":1,\"reportRequestKeySavingForPagination\":{},\"noOfTimesPaginationIsPossible\":1,\"selectedValue\":\"All\",\"addEvent\":false},\"filterIdentifierType\":0,\"Level\":1,\"isCoupled\":true,\"isLast\":false,\"operator\":\"AND\",\"showLinkIcon\":false,\"isGrouped\":false,\"reportObjectDataType\":5,\"formatKey\":\"\",\"isLinkActive\":false,\"isLocationObjectType\":false,\"isStandardFilterRO\":false,\"reportDocumentMappingField\":\"\",\"isAggregatedDerivedMeasure\":true}],\"lstFilterReportObject\":[],\"reportViewType\":24,\"reportRequestKey\":\"41164a1d-ec8b-41a3-b91f-4826843ecf9110204000002102_0\",\"pageSize\":21,\"isJumpToState\":false}",

      "data": {
        "NextSetRequestData": {
          "LEVEL1 Category": "(QA IN PROGRESS)",

          "DR11": 1727.0,

          "dr2": 1937.0,

          "Distinct Count(Level 5 Category)": 1.0
        },

        "FirstRowDataForEachPage": [],

        "Data": [
          {
            "LEVEL1 Category": "DIRECT",

            "DR11": 2989148.9123307313,

            "dr2": 2989358.9123307313,

            "Distinct Count(Level 5 Category)": 125.0
          },

          {
            "LEVEL1 Category": "INDIRECT",

            "DR11": 1951393.3388869988,

            "dr2": 1951603.3388869988,

            "Distinct Count(Level 5 Category)": 103.0
          },

          {
            "LEVEL1 Category": "LOGISTICS",

            "DR11": 114158.31277250816,

            "dr2": 114368.31277250816,

            "Distinct Count(Level 5 Category)": 7.0
          },

          {
            "LEVEL1 Category": "NON PROCURABLE",

            "DR11": 11613.210185,

            "dr2": 11823.210185,

            "Distinct Count(Level 5 Category)": 5.0
          },

          {
            "LEVEL1 Category": "(QA IN PROGRESS)",

            "DR11": 1727.0,

            "dr2": 1937.0,

            "Distinct Count(Level 5 Category)": 1.0
          }
        ],

        "PageSize": 21,

        "TotalRowCount": 5,

        "GrandTotal": {
          "DR11": 5068840.7741752332,

          "dr2": 5069050.7741752332,

          "Distinct Count(Level 5 Category)": 240.0
        }
      }
    },
    {
      "chartType": "heatmap",
      "reportObjDetails": "{\"isGrandTotalRequired\":false,\"isSubTotalRequired\":false,\"isLazyLoadingRequired\":true,\"pageIndex\":1,\"isGNG\":false,\"isGaugeGNG\":false,\"isRangeRedToGreenColor\":false,\"isPercentageEnabledSummaryCard\":false,\"filterExpression\":\"\",\"lstSortReportObject\":[{\"reportObject\":{\"displayName\":\"Spend In EUR\",\"reportObjectName\":\"Spend In EUR\",\"isDerived\":false,\"isFilterable\":false,\"isTransactional\":false,\"layoutArea\":2,\"objectGroupName\":\"Measure\",\"reportObjectId\":\"2f9a2859-bd5a-44e9-b4d7-82d5cbfd13cf\",\"reportObjectType\":0,\"sequenceNumber\":70,\"isDrillToTransactional\":false,\"drillTransactionOrder\":1,\"isSelectAll\":false,\"partialSelect\":false,\"showSelected\":false,\"filterBy\":1,\"filterTabInfo\":\"\",\"filterRadioOperator\":0,\"filterConditionValue\":\"\",\"filterConditionRangeValue\":{\"from\":\"\",\"to\":\"\"},\"filterConditionOperator\":-1,\"selectAllTxt\":\"All\",\"filterList\":[],\"preCanValues\":[],\"filterCount\":-1,\"isFilterDataLoaded\":false,\"filterType\":2,\"currentDrop\":\"VALUE\",\"isFiltered\":false,\"filterConditions\":[],\"periodFilterConditions\":[],\"filterConditionText\":\"\",\"filterSearchText\":\"\",\"selectedFilterList\":[],\"filterValueSet\":false,\"setPeriodFilterData\":false,\"filterSelSet\":false,\"filterCdnSet\":false,\"allRequiredData\":[],\"selectAll\":false,\"filterTypeObjectId\":\"9ef922e5-ff0b-408f-b8a3-a6c5928d5d29\",\"isOnOrAfterTerm\":\"\",\"isSelected\":false,\"isDisable\":false,\"reportObjectWidth\":150,\"isDrill\":false,\"today\":\"2021-07-21T11:24:53.225Z\",\"tableName\":\"\",\"expression\":\"\",\"derivedRoType\":0,\"createdBy\":0,\"parentReportObjects\":null,\"configurationValue\":\"{\\\"type\\\":2,\\\"decimal\\\":0,\\\"negativeFormat\\\":1,\\\"displayUnit\\\":0,\\\"isThousandSeparator\\\":true,\\\"currencyFormat\\\":0}\",\"autoCompleteFilterData\":\"\",\"autoCompleteFilterList\":[],\"sourceYear\":{\"displaytitle\":\"Select Year\",\"selectTypeOption\":{},\"options\":[],\"selectedoption\":\"\"},\"sourceQuarter\":{\"displaytitle\":\"Select Quarter\",\"selectTypeOption\":{},\"options\":[],\"selectedoption\":\"\"},\"sourceMonth\":{\"displaytitle\":\"Select Month\",\"selectTypeOption\":{},\"options\":[],\"selectedoption\":\"\"},\"yearDropdown\":{\"options\":[],\"selectedOption\":{\"title\":\"2021\"},\"selectedRangeOptions\":{\"from\":{\"title\":\"2021\"},\"to\":{\"title\":\"2021\"}},\"model\":\"\"},\"quarterDropdown\":{\"options\":[],\"selectedOption\":{},\"selectedRangeOptions\":{\"from\":{},\"to\":{}}},\"monthDropdown\":{\"options\":[],\"selectedOption\":{},\"selectedRangeOptions\":{\"from\":{},\"to\":{}}},\"monthArray\":[],\"quarterArray\":[],\"pageByProperties\":{\"pageByOptions\":[{\"title\":\"search\",\"isSelected\":false},{\"title\":\"ALL\",\"isSelected\":false}],\"pageByFlag\":false,\"reportObjectIdentifier\":1,\"pageIndexForPageBy\":1,\"reportRequestKeySavingForPagination\":{},\"noOfTimesPaginationIsPossible\":1,\"selectedValue\":\"All\",\"addEvent\":false},\"filterIdentifierType\":0,\"Level\":1,\"isCoupled\":true,\"isLast\":false,\"operator\":\"AND\",\"showLinkIcon\":false,\"isGrouped\":false,\"reportObjectDataType\":5,\"formatKey\":\"\",\"isLinkActive\":false,\"isLocationObjectType\":false,\"isStandardFilterRO\":false,\"reportDocumentMappingField\":\"\",\"isAggregatedDerivedMeasure\":false},\"sortOrder\":0,\"sortType\":1},{\"reportObject\":{\"displayName\":\"Level 2 Category\",\"reportObjectName\":\"Level 2 Category\",\"isDerived\":false,\"isFilterable\":false,\"isTransactional\":false,\"layoutArea\":0,\"objectGroupName\":\"category\",\"reportObjectId\":\"ce0122d8-1715-407e-91c7-db4d3ffe2a12\",\"reportObjectType\":1,\"sequenceNumber\":65,\"isDrillToTransactional\":true,\"drillTransactionOrder\":7,\"isSelectAll\":false,\"partialSelect\":false,\"showSelected\":false,\"filterBy\":1,\"filterTabInfo\":\"\",\"filterRadioOperator\":0,\"filterConditionValue\":\"\",\"filterConditionRangeValue\":{\"from\":\"\",\"to\":\"\"},\"filterConditionOperator\":-1,\"selectAllTxt\":\"All\",\"filterList\":[],\"preCanValues\":[],\"filterCount\":-1,\"isFilterDataLoaded\":false,\"filterType\":1,\"currentDrop\":\"ROW\",\"isFiltered\":false,\"filterConditions\":[],\"periodFilterConditions\":[],\"filterConditionText\":\"\",\"filterSearchText\":\"\",\"selectedFilterList\":[],\"filterValueSet\":false,\"setPeriodFilterData\":false,\"filterSelSet\":false,\"filterCdnSet\":false,\"allRequiredData\":[],\"selectAll\":false,\"filterTypeObjectId\":\"10efc3f0-7ec5-4d8f-b6da-0b476d07629d\",\"isOnOrAfterTerm\":\"\",\"isSelected\":false,\"isDisable\":false,\"reportObjectWidth\":150,\"isDrill\":false,\"today\":\"2021-07-21T11:24:53.224Z\",\"tableName\":\"\",\"expression\":\"\",\"derivedRoType\":0,\"createdBy\":0,\"parentReportObjects\":null,\"configurationValue\":\"\",\"autoCompleteFilterData\":\"\",\"autoCompleteFilterList\":[],\"sourceYear\":{\"displaytitle\":\"Select Year\",\"selectTypeOption\":{},\"options\":[],\"selectedoption\":\"\"},\"sourceQuarter\":{\"displaytitle\":\"Select Quarter\",\"selectTypeOption\":{},\"options\":[],\"selectedoption\":\"\"},\"sourceMonth\":{\"displaytitle\":\"Select Month\",\"selectTypeOption\":{},\"options\":[],\"selectedoption\":\"\"},\"yearDropdown\":{\"options\":[],\"selectedOption\":{\"title\":\"2021\"},\"selectedRangeOptions\":{\"from\":{\"title\":\"2021\"},\"to\":{\"title\":\"2021\"}},\"model\":\"\"},\"quarterDropdown\":{\"options\":[],\"selectedOption\":{},\"selectedRangeOptions\":{\"from\":{},\"to\":{}}},\"monthDropdown\":{\"options\":[],\"selectedOption\":{},\"selectedRangeOptions\":{\"from\":{},\"to\":{}}},\"monthArray\":[],\"quarterArray\":[],\"pageByProperties\":{\"pageByOptions\":[{\"title\":\"search\",\"isSelected\":false},{\"title\":\"ALL\",\"isSelected\":false}],\"pageByFlag\":false,\"reportObjectIdentifier\":1,\"pageIndexForPageBy\":1,\"reportRequestKeySavingForPagination\":{},\"noOfTimesPaginationIsPossible\":1,\"selectedValue\":\"All\",\"addEvent\":false},\"filterIdentifierType\":0,\"Level\":1,\"isCoupled\":true,\"isLast\":false,\"operator\":\"AND\",\"showLinkIcon\":false,\"isGrouped\":false,\"reportObjectDataType\":0,\"formatKey\":\"\",\"isLinkActive\":false,\"isLocationObjectType\":false,\"isStandardFilterRO\":false,\"reportDocumentMappingField\":\"\",\"isAggregatedDerivedMeasure\":false},\"sortOrder\":1,\"sortType\":0},{\"reportObject\":{\"displayName\":\"LEVEL1 Category\",\"reportObjectName\":\"LEVEL1 Category\",\"isDerived\":false,\"isFilterable\":false,\"isTransactional\":false,\"layoutArea\":1,\"objectGroupName\":\"category\",\"reportObjectId\":\"5a85eb95-df46-4e97-9b4a-de66e5b4ab8f\",\"reportObjectType\":1,\"sequenceNumber\":64,\"isDrillToTransactional\":true,\"drillTransactionOrder\":8,\"isSelectAll\":false,\"partialSelect\":false,\"showSelected\":false,\"filterBy\":1,\"filterTabInfo\":\"\",\"filterRadioOperator\":0,\"filterConditionValue\":\"\",\"filterConditionRangeValue\":{\"from\":\"\",\"to\":\"\"},\"filterConditionOperator\":-1,\"selectAllTxt\":\"All\",\"filterList\":[],\"preCanValues\":[],\"filterCount\":-1,\"isFilterDataLoaded\":false,\"filterType\":1,\"currentDrop\":\"COLUMN\",\"isFiltered\":false,\"filterConditions\":[],\"periodFilterConditions\":[],\"filterConditionText\":\"\",\"filterSearchText\":\"\",\"selectedFilterList\":[],\"filterValueSet\":false,\"setPeriodFilterData\":false,\"filterSelSet\":false,\"filterCdnSet\":false,\"allRequiredData\":[],\"selectAll\":false,\"filterTypeObjectId\":\"10efc3f0-7ec5-4d8f-b6da-0b476d07629d\",\"isOnOrAfterTerm\":\"\",\"isSelected\":false,\"isDisable\":false,\"reportObjectWidth\":150,\"isDrill\":false,\"today\":\"2021-07-21T11:24:53.222Z\",\"tableName\":\"\",\"expression\":\"\",\"derivedRoType\":0,\"createdBy\":0,\"parentReportObjects\":null,\"configurationValue\":\"\",\"autoCompleteFilterData\":\"\",\"autoCompleteFilterList\":[],\"sourceYear\":{\"displaytitle\":\"Select Year\",\"selectTypeOption\":{},\"options\":[],\"selectedoption\":\"\"},\"sourceQuarter\":{\"displaytitle\":\"Select Quarter\",\"selectTypeOption\":{},\"options\":[],\"selectedoption\":\"\"},\"sourceMonth\":{\"displaytitle\":\"Select Month\",\"selectTypeOption\":{},\"options\":[],\"selectedoption\":\"\"},\"yearDropdown\":{\"options\":[],\"selectedOption\":{\"title\":\"2021\"},\"selectedRangeOptions\":{\"from\":{\"title\":\"2021\"},\"to\":{\"title\":\"2021\"}},\"model\":\"\"},\"quarterDropdown\":{\"options\":[],\"selectedOption\":{},\"selectedRangeOptions\":{\"from\":{},\"to\":{}}},\"monthDropdown\":{\"options\":[],\"selectedOption\":{},\"selectedRangeOptions\":{\"from\":{},\"to\":{}}},\"monthArray\":[],\"quarterArray\":[],\"pageByProperties\":{\"pageByOptions\":[{\"title\":\"search\",\"isSelected\":false},{\"title\":\"ALL\",\"isSelected\":false}],\"pageByFlag\":false,\"reportObjectIdentifier\":1,\"pageIndexForPageBy\":1,\"reportRequestKeySavingForPagination\":{},\"noOfTimesPaginationIsPossible\":1,\"selectedValue\":\"All\",\"addEvent\":false},\"filterIdentifierType\":0,\"Level\":1,\"isCoupled\":true,\"isLast\":false,\"operator\":\"AND\",\"showLinkIcon\":false,\"isGrouped\":false,\"reportObjectDataType\":0,\"formatKey\":\"\",\"isLinkActive\":false,\"isLocationObjectType\":false,\"isStandardFilterRO\":false,\"reportDocumentMappingField\":\"\",\"isAggregatedDerivedMeasure\":false},\"sortOrder\":0,\"sortType\":0}],\"dataSourceObjectId\":\"329faaf4-0a97-4190-b8bc-a3355b4c717f\",\"dataSourceType\":0,\"lstReportObject\":[{\"displayName\":\"LEVEL1 Category\",\"reportObjectName\":\"LEVEL1 Category\",\"isDerived\":false,\"isFilterable\":false,\"isTransactional\":false,\"layoutArea\":1,\"objectGroupName\":\"category\",\"reportObjectId\":\"5a85eb95-df46-4e97-9b4a-de66e5b4ab8f\",\"reportObjectType\":1,\"sequenceNumber\":64,\"isDrillToTransactional\":true,\"drillTransactionOrder\":8,\"isSelectAll\":false,\"partialSelect\":false,\"showSelected\":false,\"filterBy\":1,\"filterTabInfo\":\"\",\"filterRadioOperator\":0,\"filterConditionValue\":\"\",\"filterConditionRangeValue\":{\"from\":\"\",\"to\":\"\"},\"filterConditionOperator\":-1,\"selectAllTxt\":\"All\",\"filterList\":[],\"preCanValues\":[],\"filterCount\":-1,\"isFilterDataLoaded\":false,\"filterType\":1,\"currentDrop\":\"COLUMN\",\"isFiltered\":false,\"filterConditions\":[],\"periodFilterConditions\":[],\"filterConditionText\":\"\",\"filterSearchText\":\"\",\"selectedFilterList\":[],\"filterValueSet\":false,\"setPeriodFilterData\":false,\"filterSelSet\":false,\"filterCdnSet\":false,\"allRequiredData\":[],\"selectAll\":false,\"filterTypeObjectId\":\"10efc3f0-7ec5-4d8f-b6da-0b476d07629d\",\"isOnOrAfterTerm\":\"\",\"isSelected\":false,\"isDisable\":false,\"reportObjectWidth\":150,\"isDrill\":false,\"today\":\"2021-07-21T11:24:53.222Z\",\"tableName\":\"\",\"expression\":\"\",\"derivedRoType\":0,\"createdBy\":0,\"parentReportObjects\":null,\"configurationValue\":\"\",\"autoCompleteFilterData\":\"\",\"autoCompleteFilterList\":[],\"sourceYear\":{\"displaytitle\":\"Select Year\",\"selectTypeOption\":{},\"options\":[],\"selectedoption\":\"\"},\"sourceQuarter\":{\"displaytitle\":\"Select Quarter\",\"selectTypeOption\":{},\"options\":[],\"selectedoption\":\"\"},\"sourceMonth\":{\"displaytitle\":\"Select Month\",\"selectTypeOption\":{},\"options\":[],\"selectedoption\":\"\"},\"yearDropdown\":{\"options\":[],\"selectedOption\":{\"title\":\"2021\"},\"selectedRangeOptions\":{\"from\":{\"title\":\"2021\"},\"to\":{\"title\":\"2021\"}},\"model\":\"\"},\"quarterDropdown\":{\"options\":[],\"selectedOption\":{},\"selectedRangeOptions\":{\"from\":{},\"to\":{}}},\"monthDropdown\":{\"options\":[],\"selectedOption\":{},\"selectedRangeOptions\":{\"from\":{},\"to\":{}}},\"monthArray\":[],\"quarterArray\":[],\"pageByProperties\":{\"pageByOptions\":[{\"title\":\"search\",\"isSelected\":false},{\"title\":\"ALL\",\"isSelected\":false}],\"pageByFlag\":false,\"reportObjectIdentifier\":1,\"pageIndexForPageBy\":1,\"reportRequestKeySavingForPagination\":{},\"noOfTimesPaginationIsPossible\":1,\"selectedValue\":\"All\",\"addEvent\":false},\"filterIdentifierType\":0,\"Level\":1,\"isCoupled\":true,\"isLast\":false,\"operator\":\"AND\",\"showLinkIcon\":false,\"isGrouped\":false,\"reportObjectDataType\":0,\"formatKey\":\"\",\"isLinkActive\":false,\"isLocationObjectType\":false,\"isStandardFilterRO\":false,\"reportDocumentMappingField\":\"\",\"isAggregatedDerivedMeasure\":false},{\"displayName\":\"Level 2 Category\",\"reportObjectName\":\"Level 2 Category\",\"isDerived\":false,\"isFilterable\":false,\"isTransactional\":false,\"layoutArea\":0,\"objectGroupName\":\"category\",\"reportObjectId\":\"ce0122d8-1715-407e-91c7-db4d3ffe2a12\",\"reportObjectType\":1,\"sequenceNumber\":65,\"isDrillToTransactional\":true,\"drillTransactionOrder\":7,\"isSelectAll\":false,\"partialSelect\":false,\"showSelected\":false,\"filterBy\":1,\"filterTabInfo\":\"\",\"filterRadioOperator\":0,\"filterConditionValue\":\"\",\"filterConditionRangeValue\":{\"from\":\"\",\"to\":\"\"},\"filterConditionOperator\":-1,\"selectAllTxt\":\"All\",\"filterList\":[],\"preCanValues\":[],\"filterCount\":-1,\"isFilterDataLoaded\":false,\"filterType\":1,\"currentDrop\":\"ROW\",\"isFiltered\":false,\"filterConditions\":[],\"periodFilterConditions\":[],\"filterConditionText\":\"\",\"filterSearchText\":\"\",\"selectedFilterList\":[],\"filterValueSet\":false,\"setPeriodFilterData\":false,\"filterSelSet\":false,\"filterCdnSet\":false,\"allRequiredData\":[],\"selectAll\":false,\"filterTypeObjectId\":\"10efc3f0-7ec5-4d8f-b6da-0b476d07629d\",\"isOnOrAfterTerm\":\"\",\"isSelected\":false,\"isDisable\":false,\"reportObjectWidth\":150,\"isDrill\":false,\"today\":\"2021-07-21T11:24:53.224Z\",\"tableName\":\"\",\"expression\":\"\",\"derivedRoType\":0,\"createdBy\":0,\"parentReportObjects\":null,\"configurationValue\":\"\",\"autoCompleteFilterData\":\"\",\"autoCompleteFilterList\":[],\"sourceYear\":{\"displaytitle\":\"Select Year\",\"selectTypeOption\":{},\"options\":[],\"selectedoption\":\"\"},\"sourceQuarter\":{\"displaytitle\":\"Select Quarter\",\"selectTypeOption\":{},\"options\":[],\"selectedoption\":\"\"},\"sourceMonth\":{\"displaytitle\":\"Select Month\",\"selectTypeOption\":{},\"options\":[],\"selectedoption\":\"\"},\"yearDropdown\":{\"options\":[],\"selectedOption\":{\"title\":\"2021\"},\"selectedRangeOptions\":{\"from\":{\"title\":\"2021\"},\"to\":{\"title\":\"2021\"}},\"model\":\"\"},\"quarterDropdown\":{\"options\":[],\"selectedOption\":{},\"selectedRangeOptions\":{\"from\":{},\"to\":{}}},\"monthDropdown\":{\"options\":[],\"selectedOption\":{},\"selectedRangeOptions\":{\"from\":{},\"to\":{}}},\"monthArray\":[],\"quarterArray\":[],\"pageByProperties\":{\"pageByOptions\":[{\"title\":\"search\",\"isSelected\":false},{\"title\":\"ALL\",\"isSelected\":false}],\"pageByFlag\":false,\"reportObjectIdentifier\":1,\"pageIndexForPageBy\":1,\"reportRequestKeySavingForPagination\":{},\"noOfTimesPaginationIsPossible\":1,\"selectedValue\":\"All\",\"addEvent\":false},\"filterIdentifierType\":0,\"Level\":1,\"isCoupled\":true,\"isLast\":false,\"operator\":\"AND\",\"showLinkIcon\":false,\"isGrouped\":false,\"reportObjectDataType\":0,\"formatKey\":\"\",\"isLinkActive\":false,\"isLocationObjectType\":false,\"isStandardFilterRO\":false,\"reportDocumentMappingField\":\"\",\"isAggregatedDerivedMeasure\":false},{\"displayName\":\"Spend In EUR\",\"reportObjectName\":\"Spend In EUR\",\"isDerived\":false,\"isFilterable\":false,\"isTransactional\":false,\"layoutArea\":2,\"objectGroupName\":\"Measure\",\"reportObjectId\":\"2f9a2859-bd5a-44e9-b4d7-82d5cbfd13cf\",\"reportObjectType\":0,\"sequenceNumber\":70,\"isDrillToTransactional\":false,\"drillTransactionOrder\":1,\"isSelectAll\":false,\"partialSelect\":false,\"showSelected\":false,\"filterBy\":1,\"filterTabInfo\":\"\",\"filterRadioOperator\":0,\"filterConditionValue\":\"\",\"filterConditionRangeValue\":{\"from\":\"\",\"to\":\"\"},\"filterConditionOperator\":-1,\"selectAllTxt\":\"All\",\"filterList\":[],\"preCanValues\":[],\"filterCount\":-1,\"isFilterDataLoaded\":false,\"filterType\":2,\"currentDrop\":\"VALUE\",\"isFiltered\":false,\"filterConditions\":[],\"periodFilterConditions\":[],\"filterConditionText\":\"\",\"filterSearchText\":\"\",\"selectedFilterList\":[],\"filterValueSet\":false,\"setPeriodFilterData\":false,\"filterSelSet\":false,\"filterCdnSet\":false,\"allRequiredData\":[],\"selectAll\":false,\"filterTypeObjectId\":\"9ef922e5-ff0b-408f-b8a3-a6c5928d5d29\",\"isOnOrAfterTerm\":\"\",\"isSelected\":false,\"isDisable\":false,\"reportObjectWidth\":150,\"isDrill\":false,\"today\":\"2021-07-21T11:24:53.225Z\",\"tableName\":\"\",\"expression\":\"\",\"derivedRoType\":0,\"createdBy\":0,\"parentReportObjects\":null,\"configurationValue\":\"{\\\"type\\\":2,\\\"decimal\\\":0,\\\"negativeFormat\\\":1,\\\"displayUnit\\\":0,\\\"isThousandSeparator\\\":true,\\\"currencyFormat\\\":0}\",\"autoCompleteFilterData\":\"\",\"autoCompleteFilterList\":[],\"sourceYear\":{\"displaytitle\":\"Select Year\",\"selectTypeOption\":{},\"options\":[],\"selectedoption\":\"\"},\"sourceQuarter\":{\"displaytitle\":\"Select Quarter\",\"selectTypeOption\":{},\"options\":[],\"selectedoption\":\"\"},\"sourceMonth\":{\"displaytitle\":\"Select Month\",\"selectTypeOption\":{},\"options\":[],\"selectedoption\":\"\"},\"yearDropdown\":{\"options\":[],\"selectedOption\":{\"title\":\"2021\"},\"selectedRangeOptions\":{\"from\":{\"title\":\"2021\"},\"to\":{\"title\":\"2021\"}},\"model\":\"\"},\"quarterDropdown\":{\"options\":[],\"selectedOption\":{},\"selectedRangeOptions\":{\"from\":{},\"to\":{}}},\"monthDropdown\":{\"options\":[],\"selectedOption\":{},\"selectedRangeOptions\":{\"from\":{},\"to\":{}}},\"monthArray\":[],\"quarterArray\":[],\"pageByProperties\":{\"pageByOptions\":[{\"title\":\"search\",\"isSelected\":false},{\"title\":\"ALL\",\"isSelected\":false}],\"pageByFlag\":false,\"reportObjectIdentifier\":1,\"pageIndexForPageBy\":1,\"reportRequestKeySavingForPagination\":{},\"noOfTimesPaginationIsPossible\":1,\"selectedValue\":\"All\",\"addEvent\":false},\"filterIdentifierType\":0,\"Level\":1,\"isCoupled\":true,\"isLast\":false,\"operator\":\"AND\",\"showLinkIcon\":false,\"isGrouped\":false,\"reportObjectDataType\":5,\"formatKey\":\"\",\"isLinkActive\":false,\"isLocationObjectType\":false,\"isStandardFilterRO\":false,\"reportDocumentMappingField\":\"\",\"isAggregatedDerivedMeasure\":false}],\"lstFilterReportObject\":[],\"reportViewType\":25,\"reportRequestKey\":\"47d58f3b-ce2e-4aeb-97dd-e53195c06cf110204000002102_0\",\"pageSize\":21,\"isJumpToState\":false}",
      "data": {
        "NextSetRequestData": {
          "Level 2 Category": "CONTRACTOR SERVICES",

          "SortLevel2CategorySubTotal": 1218.6188003809998,

          "Spend In EUR": 1218.6188003809998,

          "LEVEL1 Category": "NON PROCURABLE"
        },

        "FirstRowDataForEachPage": [],

        "Data": [
          {
            "Level 2 Category": "CORPORATE SERVICES",

            "Spend In EUR": null,

            "LEVEL1 Category": "(QA IN PROGRESS)"
          },

          {
            "Level 2 Category": "CORPORATE SERVICES",

            "Spend In EUR": null,

            "LEVEL1 Category": "DIRECT"
          },

          {
            "Level 2 Category": "CORPORATE SERVICES",

            "Spend In EUR": 1322257.9951272535,

            "LEVEL1 Category": "INDIRECT"
          },

          {
            "Level 2 Category": "CORPORATE SERVICES",

            "Spend In EUR": null,

            "LEVEL1 Category": "LOGISTICS"
          },

          {
            "Level 2 Category": "CORPORATE SERVICES",

            "Spend In EUR": null,

            "LEVEL1 Category": "NON PROCURABLE"
          },

          {
            "Level 2 Category": "BUILDING MATERIALS & PRODUCTS",

            "Spend In EUR": 1213201.3133891046,

            "LEVEL1 Category": "DIRECT"
          },

          {
            "Level 2 Category": "METALS",

            "Spend In EUR": 456737.254978011,

            "LEVEL1 Category": "DIRECT"
          },

          {
            "Level 2 Category": "PLASTICS",

            "Spend In EUR": 291688.31095768238,

            "LEVEL1 Category": "DIRECT"
          },

          {
            "Level 2 Category": "OTHER",

            "Spend In EUR": 267589.32630997704,

            "LEVEL1 Category": "DIRECT"
          },

          {
            "Level 2 Category": "WOODS",

            "Spend In EUR": 226172.7466058378,

            "LEVEL1 Category": "DIRECT"
          },

          {
            "Level 2 Category": "PROFESSIONAL SERVICES",

            "Spend In EUR": 114463.332160964,

            "LEVEL1 Category": "INDIRECT"
          },

          {
            "Level 2 Category": "PACKAGING",

            "Spend In EUR": 111712.26247419197,

            "LEVEL1 Category": "DIRECT"
          },

          {
            "Level 2 Category": "CHEMICALS",

            "Spend In EUR": 101611.74106079101,

            "LEVEL1 Category": "DIRECT"
          },

          {
            "Level 2 Category": "LOGISTICS",

            "Spend In EUR": 98314.605019289127,

            "LEVEL1 Category": "LOGISTICS"
          },

          {
            "Level 2 Category": "INDUSTRIAL SUPPLIES/ MRO",

            "Spend In EUR": 85731.330125188862,

            "LEVEL1 Category": "INDIRECT"
          },

          {
            "Level 2 Category": "TRAVEL & ENTERTAINMENT",

            "Spend In EUR": 77752.283567320977,

            "LEVEL1 Category": "INDIRECT"
          },

          {
            "Level 2 Category": "SALES & MARKETING",

            "Spend In EUR": 39558.465535325973,

            "LEVEL1 Category": "INDIRECT"
          },

          {
            "Level 2 Category": "MACHINERY & EQUIPMENT",

            "Spend In EUR": 35689.738137633984,

            "LEVEL1 Category": "INDIRECT"
          },

          {
            "Level 2 Category": "ENERGY & UTILITIES",

            "Spend In EUR": 33845.998288719005,

            "LEVEL1 Category": "INDIRECT"
          },

          {
            "Level 2 Category": "IT",

            "Spend In EUR": 18097.046388948,

            "LEVEL1 Category": "INDIRECT"
          },

          {
            "Level 2 Category": "INTERCOMPANY",

            "Spend In EUR": 6699.028875,

            "LEVEL1 Category": "NON PROCURABLE"
          },

          {
            "Level 2 Category": "(QA IN PROGRESS)",

            "Spend In EUR": 1808.8801029,

            "LEVEL1 Category": "(QA IN PROGRESS)"
          },

          {
            "Level 2 Category": "SALARIES/ BENEFITS/ ALLOWANCES",

            "Spend In EUR": 1783.53513,

            "LEVEL1 Category": "NON PROCURABLE"
          },

          {
            "Level 2 Category": "REBATES/ BONUS",

            "Spend In EUR": 1319.5223880499998,

            "LEVEL1 Category": "NON PROCURABLE"
          }
        ],

        "PageSize": 21,

        "TotalRowCount": 23,

        "GrandTotal": {
          "Spend In EUR": 4507919.4190720282
        }
      }
    },
    {
      "chartType":"gauge",
      "reportObjDetails" : "{\"isGrandTotalRequired\":false,\"isSubTotalRequired\":false,\"isLazyLoadingRequired\":true,\"pageIndex\":1,\"isGNG\":false,\"isGaugeGNG\":false,\"isRangeRedToGreenColor\":false,\"isPercentageEnabledSummaryCard\":false,\"filterExpression\":\"\",\"lstSortReportObject\":[{\"reportObject\":{\"displayName\":\"Spend In EUR\",\"reportObjectName\":\"Spend In EUR\",\"isDerived\":false,\"isFilterable\":false,\"isTransactional\":false,\"layoutArea\":2,\"objectGroupName\":\"Measure\",\"reportObjectId\":\"2f9a2859-bd5a-44e9-b4d7-82d5cbfd13cf\",\"reportObjectType\":0,\"sequenceNumber\":70,\"isDrillToTransactional\":false,\"drillTransactionOrder\":1,\"isSelectAll\":false,\"partialSelect\":false,\"showSelected\":false,\"filterBy\":1,\"filterTabInfo\":\"\",\"filterRadioOperator\":0,\"filterConditionValue\":\"\",\"filterConditionRangeValue\":{\"from\":\"\",\"to\":\"\"},\"filterConditionOperator\":-1,\"selectAllTxt\":\"All\",\"filterList\":[],\"preCanValues\":[],\"filterCount\":-1,\"isFilterDataLoaded\":false,\"filterType\":2,\"currentDrop\":\"VALUE\",\"isFiltered\":false,\"filterConditions\":[],\"periodFilterConditions\":[],\"filterConditionText\":\"\",\"filterSearchText\":\"\",\"selectedFilterList\":[],\"filterValueSet\":false,\"setPeriodFilterData\":false,\"filterSelSet\":false,\"filterCdnSet\":false,\"allRequiredData\":[],\"selectAll\":false,\"filterTypeObjectId\":\"9ef922e5-ff0b-408f-b8a3-a6c5928d5d29\",\"isOnOrAfterTerm\":\"\",\"isSelected\":false,\"isDisable\":false,\"reportObjectWidth\":150,\"isDrill\":false,\"today\":\"2021-07-22T07:16:29.827Z\",\"tableName\":\"\",\"expression\":\"\",\"derivedRoType\":0,\"createdBy\":0,\"parentReportObjects\":null,\"configurationValue\":\"{\\\"type\\\":2,\\\"decimal\\\":0,\\\"negativeFormat\\\":1,\\\"displayUnit\\\":0,\\\"isThousandSeparator\\\":true,\\\"currencyFormat\\\":0}\",\"autoCompleteFilterData\":\"\",\"autoCompleteFilterList\":[],\"sourceYear\":{\"displaytitle\":\"Select Year\",\"selectTypeOption\":{},\"options\":[],\"selectedoption\":\"\"},\"sourceQuarter\":{\"displaytitle\":\"Select Quarter\",\"selectTypeOption\":{},\"options\":[],\"selectedoption\":\"\"},\"sourceMonth\":{\"displaytitle\":\"Select Month\",\"selectTypeOption\":{},\"options\":[],\"selectedoption\":\"\"},\"yearDropdown\":{\"options\":[],\"selectedOption\":{\"title\":\"2021\"},\"selectedRangeOptions\":{\"from\":{\"title\":\"2021\"},\"to\":{\"title\":\"2021\"}},\"model\":\"\"},\"quarterDropdown\":{\"options\":[],\"selectedOption\":{},\"selectedRangeOptions\":{\"from\":{},\"to\":{}}},\"monthDropdown\":{\"options\":[],\"selectedOption\":{},\"selectedRangeOptions\":{\"from\":{},\"to\":{}}},\"monthArray\":[],\"quarterArray\":[],\"pageByProperties\":{\"pageByOptions\":[{\"title\":\"search\",\"isSelected\":false},{\"title\":\"ALL\",\"isSelected\":false}],\"pageByFlag\":false,\"reportObjectIdentifier\":1,\"pageIndexForPageBy\":1,\"reportRequestKeySavingForPagination\":{},\"noOfTimesPaginationIsPossible\":1,\"selectedValue\":\"All\",\"addEvent\":false},\"filterIdentifierType\":0,\"Level\":1,\"isCoupled\":true,\"isLast\":false,\"operator\":\"AND\",\"showLinkIcon\":false,\"isGrouped\":false,\"reportObjectDataType\":5,\"formatKey\":\"\",\"isLinkActive\":false,\"isLocationObjectType\":false,\"isStandardFilterRO\":false,\"reportDocumentMappingField\":\"\",\"isAggregatedDerivedMeasure\":false},\"sortOrder\":0,\"sortType\":1},{\"reportObject\":{\"displayName\":\"LEVEL1 Category\",\"reportObjectName\":\"LEVEL1 Category\",\"isDerived\":false,\"isFilterable\":false,\"isTransactional\":false,\"layoutArea\":0,\"objectGroupName\":\"category\",\"reportObjectId\":\"5a85eb95-df46-4e97-9b4a-de66e5b4ab8f\",\"reportObjectType\":1,\"sequenceNumber\":64,\"isDrillToTransactional\":true,\"drillTransactionOrder\":8,\"isSelectAll\":false,\"partialSelect\":false,\"showSelected\":false,\"filterBy\":1,\"filterTabInfo\":\"\",\"filterRadioOperator\":0,\"filterConditionValue\":\"\",\"filterConditionRangeValue\":{\"from\":\"\",\"to\":\"\"},\"filterConditionOperator\":-1,\"selectAllTxt\":\"All\",\"filterList\":[],\"preCanValues\":[],\"filterCount\":-1,\"isFilterDataLoaded\":false,\"filterType\":1,\"currentDrop\":\"ROW\",\"isFiltered\":false,\"filterConditions\":[],\"periodFilterConditions\":[],\"filterConditionText\":\"\",\"filterSearchText\":\"\",\"selectedFilterList\":[],\"filterValueSet\":false,\"setPeriodFilterData\":false,\"filterSelSet\":false,\"filterCdnSet\":false,\"allRequiredData\":[],\"selectAll\":false,\"filterTypeObjectId\":\"10efc3f0-7ec5-4d8f-b6da-0b476d07629d\",\"isOnOrAfterTerm\":\"\",\"isSelected\":false,\"isDisable\":false,\"reportObjectWidth\":150,\"isDrill\":false,\"today\":\"2021-07-22T07:16:29.826Z\",\"tableName\":\"\",\"expression\":\"\",\"derivedRoType\":0,\"createdBy\":0,\"parentReportObjects\":null,\"configurationValue\":\"\",\"autoCompleteFilterData\":\"\",\"autoCompleteFilterList\":[],\"sourceYear\":{\"displaytitle\":\"Select Year\",\"selectTypeOption\":{},\"options\":[],\"selectedoption\":\"\"},\"sourceQuarter\":{\"displaytitle\":\"Select Quarter\",\"selectTypeOption\":{},\"options\":[],\"selectedoption\":\"\"},\"sourceMonth\":{\"displaytitle\":\"Select Month\",\"selectTypeOption\":{},\"options\":[],\"selectedoption\":\"\"},\"yearDropdown\":{\"options\":[],\"selectedOption\":{\"title\":\"2021\"},\"selectedRangeOptions\":{\"from\":{\"title\":\"2021\"},\"to\":{\"title\":\"2021\"}},\"model\":\"\"},\"quarterDropdown\":{\"options\":[],\"selectedOption\":{},\"selectedRangeOptions\":{\"from\":{},\"to\":{}}},\"monthDropdown\":{\"options\":[],\"selectedOption\":{},\"selectedRangeOptions\":{\"from\":{},\"to\":{}}},\"monthArray\":[],\"quarterArray\":[],\"pageByProperties\":{\"pageByOptions\":[{\"title\":\"search\",\"isSelected\":false},{\"title\":\"ALL\",\"isSelected\":false}],\"pageByFlag\":false,\"reportObjectIdentifier\":1,\"pageIndexForPageBy\":1,\"reportRequestKeySavingForPagination\":{},\"noOfTimesPaginationIsPossible\":1,\"selectedValue\":\"All\",\"addEvent\":false},\"filterIdentifierType\":0,\"Level\":1,\"isCoupled\":true,\"isLast\":false,\"operator\":\"AND\",\"showLinkIcon\":false,\"isGrouped\":false,\"reportObjectDataType\":0,\"formatKey\":\"\",\"isLinkActive\":false,\"isLocationObjectType\":false,\"isStandardFilterRO\":false,\"reportDocumentMappingField\":\"\",\"isAggregatedDerivedMeasure\":false},\"sortOrder\":1,\"sortType\":0}],\"dataSourceObjectId\":\"329faaf4-0a97-4190-b8bc-a3355b4c717f\",\"dataSourceType\":0,\"lstReportObject\":[{\"displayName\":\"LEVEL1 Category\",\"reportObjectName\":\"LEVEL1 Category\",\"isDerived\":false,\"isFilterable\":false,\"isTransactional\":false,\"layoutArea\":0,\"objectGroupName\":\"category\",\"reportObjectId\":\"5a85eb95-df46-4e97-9b4a-de66e5b4ab8f\",\"reportObjectType\":1,\"sequenceNumber\":64,\"isDrillToTransactional\":true,\"drillTransactionOrder\":8,\"isSelectAll\":false,\"partialSelect\":false,\"showSelected\":false,\"filterBy\":1,\"filterTabInfo\":\"\",\"filterRadioOperator\":0,\"filterConditionValue\":\"\",\"filterConditionRangeValue\":{\"from\":\"\",\"to\":\"\"},\"filterConditionOperator\":-1,\"selectAllTxt\":\"All\",\"filterList\":[],\"preCanValues\":[],\"filterCount\":-1,\"isFilterDataLoaded\":false,\"filterType\":1,\"currentDrop\":\"ROW\",\"isFiltered\":false,\"filterConditions\":[],\"periodFilterConditions\":[],\"filterConditionText\":\"\",\"filterSearchText\":\"\",\"selectedFilterList\":[],\"filterValueSet\":false,\"setPeriodFilterData\":false,\"filterSelSet\":false,\"filterCdnSet\":false,\"allRequiredData\":[],\"selectAll\":false,\"filterTypeObjectId\":\"10efc3f0-7ec5-4d8f-b6da-0b476d07629d\",\"isOnOrAfterTerm\":\"\",\"isSelected\":false,\"isDisable\":false,\"reportObjectWidth\":150,\"isDrill\":false,\"today\":\"2021-07-22T07:16:29.826Z\",\"tableName\":\"\",\"expression\":\"\",\"derivedRoType\":0,\"createdBy\":0,\"parentReportObjects\":null,\"configurationValue\":\"\",\"autoCompleteFilterData\":\"\",\"autoCompleteFilterList\":[],\"sourceYear\":{\"displaytitle\":\"Select Year\",\"selectTypeOption\":{},\"options\":[],\"selectedoption\":\"\"},\"sourceQuarter\":{\"displaytitle\":\"Select Quarter\",\"selectTypeOption\":{},\"options\":[],\"selectedoption\":\"\"},\"sourceMonth\":{\"displaytitle\":\"Select Month\",\"selectTypeOption\":{},\"options\":[],\"selectedoption\":\"\"},\"yearDropdown\":{\"options\":[],\"selectedOption\":{\"title\":\"2021\"},\"selectedRangeOptions\":{\"from\":{\"title\":\"2021\"},\"to\":{\"title\":\"2021\"}},\"model\":\"\"},\"quarterDropdown\":{\"options\":[],\"selectedOption\":{},\"selectedRangeOptions\":{\"from\":{},\"to\":{}}},\"monthDropdown\":{\"options\":[],\"selectedOption\":{},\"selectedRangeOptions\":{\"from\":{},\"to\":{}}},\"monthArray\":[],\"quarterArray\":[],\"pageByProperties\":{\"pageByOptions\":[{\"title\":\"search\",\"isSelected\":false},{\"title\":\"ALL\",\"isSelected\":false}],\"pageByFlag\":false,\"reportObjectIdentifier\":1,\"pageIndexForPageBy\":1,\"reportRequestKeySavingForPagination\":{},\"noOfTimesPaginationIsPossible\":1,\"selectedValue\":\"All\",\"addEvent\":false},\"filterIdentifierType\":0,\"Level\":1,\"isCoupled\":true,\"isLast\":false,\"operator\":\"AND\",\"showLinkIcon\":false,\"isGrouped\":false,\"reportObjectDataType\":0,\"formatKey\":\"\",\"isLinkActive\":false,\"isLocationObjectType\":false,\"isStandardFilterRO\":false,\"reportDocumentMappingField\":\"\",\"isAggregatedDerivedMeasure\":false},{\"displayName\":\"Spend In EUR\",\"reportObjectName\":\"Spend In EUR\",\"isDerived\":false,\"isFilterable\":false,\"isTransactional\":false,\"layoutArea\":2,\"objectGroupName\":\"Measure\",\"reportObjectId\":\"2f9a2859-bd5a-44e9-b4d7-82d5cbfd13cf\",\"reportObjectType\":0,\"sequenceNumber\":70,\"isDrillToTransactional\":false,\"drillTransactionOrder\":1,\"isSelectAll\":false,\"partialSelect\":false,\"showSelected\":false,\"filterBy\":1,\"filterTabInfo\":\"\",\"filterRadioOperator\":0,\"filterConditionValue\":\"\",\"filterConditionRangeValue\":{\"from\":\"\",\"to\":\"\"},\"filterConditionOperator\":-1,\"selectAllTxt\":\"All\",\"filterList\":[],\"preCanValues\":[],\"filterCount\":-1,\"isFilterDataLoaded\":false,\"filterType\":2,\"currentDrop\":\"VALUE\",\"isFiltered\":false,\"filterConditions\":[],\"periodFilterConditions\":[],\"filterConditionText\":\"\",\"filterSearchText\":\"\",\"selectedFilterList\":[],\"filterValueSet\":false,\"setPeriodFilterData\":false,\"filterSelSet\":false,\"filterCdnSet\":false,\"allRequiredData\":[],\"selectAll\":false,\"filterTypeObjectId\":\"9ef922e5-ff0b-408f-b8a3-a6c5928d5d29\",\"isOnOrAfterTerm\":\"\",\"isSelected\":false,\"isDisable\":false,\"reportObjectWidth\":150,\"isDrill\":false,\"today\":\"2021-07-22T07:16:29.827Z\",\"tableName\":\"\",\"expression\":\"\",\"derivedRoType\":0,\"createdBy\":0,\"parentReportObjects\":null,\"configurationValue\":\"{\\\"type\\\":2,\\\"decimal\\\":0,\\\"negativeFormat\\\":1,\\\"displayUnit\\\":0,\\\"isThousandSeparator\\\":true,\\\"currencyFormat\\\":0}\",\"autoCompleteFilterData\":\"\",\"autoCompleteFilterList\":[],\"sourceYear\":{\"displaytitle\":\"Select Year\",\"selectTypeOption\":{},\"options\":[],\"selectedoption\":\"\"},\"sourceQuarter\":{\"displaytitle\":\"Select Quarter\",\"selectTypeOption\":{},\"options\":[],\"selectedoption\":\"\"},\"sourceMonth\":{\"displaytitle\":\"Select Month\",\"selectTypeOption\":{},\"options\":[],\"selectedoption\":\"\"},\"yearDropdown\":{\"options\":[],\"selectedOption\":{\"title\":\"2021\"},\"selectedRangeOptions\":{\"from\":{\"title\":\"2021\"},\"to\":{\"title\":\"2021\"}},\"model\":\"\"},\"quarterDropdown\":{\"options\":[],\"selectedOption\":{},\"selectedRangeOptions\":{\"from\":{},\"to\":{}}},\"monthDropdown\":{\"options\":[],\"selectedOption\":{},\"selectedRangeOptions\":{\"from\":{},\"to\":{}}},\"monthArray\":[],\"quarterArray\":[],\"pageByProperties\":{\"pageByOptions\":[{\"title\":\"search\",\"isSelected\":false},{\"title\":\"ALL\",\"isSelected\":false}],\"pageByFlag\":false,\"reportObjectIdentifier\":1,\"pageIndexForPageBy\":1,\"reportRequestKeySavingForPagination\":{},\"noOfTimesPaginationIsPossible\":1,\"selectedValue\":\"All\",\"addEvent\":false},\"filterIdentifierType\":0,\"Level\":1,\"isCoupled\":true,\"isLast\":false,\"operator\":\"AND\",\"showLinkIcon\":false,\"isGrouped\":false,\"reportObjectDataType\":5,\"formatKey\":\"\",\"isLinkActive\":false,\"isLocationObjectType\":false,\"isStandardFilterRO\":false,\"reportDocumentMappingField\":\"\",\"isAggregatedDerivedMeasure\":false},{\"displayName\":\"Spend In USD\",\"reportObjectName\":\"Spend In USD\",\"isDerived\":false,\"isFilterable\":false,\"isTransactional\":false,\"layoutArea\":2,\"objectGroupName\":\"Measure\",\"reportObjectId\":\"7f54e1b6-fac9-4f8a-b092-aa9a8ee984bb\",\"reportObjectType\":0,\"sequenceNumber\":71,\"isDrillToTransactional\":false,\"drillTransactionOrder\":3,\"isSelectAll\":false,\"partialSelect\":false,\"showSelected\":false,\"filterBy\":1,\"filterTabInfo\":\"\",\"filterRadioOperator\":0,\"filterConditionValue\":\"\",\"filterConditionRangeValue\":{\"from\":\"\",\"to\":\"\"},\"filterConditionOperator\":-1,\"selectAllTxt\":\"All\",\"filterList\":[],\"preCanValues\":[],\"filterCount\":-1,\"isFilterDataLoaded\":false,\"filterType\":2,\"currentDrop\":\"VALUE\",\"isFiltered\":false,\"filterConditions\":[],\"periodFilterConditions\":[],\"filterConditionText\":\"\",\"filterSearchText\":\"\",\"selectedFilterList\":[],\"filterValueSet\":false,\"setPeriodFilterData\":false,\"filterSelSet\":false,\"filterCdnSet\":false,\"allRequiredData\":[],\"selectAll\":false,\"filterTypeObjectId\":\"9ef922e5-ff0b-408f-b8a3-a6c5928d5d29\",\"isOnOrAfterTerm\":\"\",\"isSelected\":false,\"isDisable\":false,\"reportObjectWidth\":150,\"isDrill\":false,\"today\":\"2021-07-22T07:16:29.827Z\",\"tableName\":\"\",\"expression\":\"\",\"derivedRoType\":0,\"createdBy\":0,\"parentReportObjects\":null,\"configurationValue\":\"\",\"autoCompleteFilterData\":\"\",\"autoCompleteFilterList\":[],\"sourceYear\":{\"displaytitle\":\"Select Year\",\"selectTypeOption\":{},\"options\":[],\"selectedoption\":\"\"},\"sourceQuarter\":{\"displaytitle\":\"Select Quarter\",\"selectTypeOption\":{},\"options\":[],\"selectedoption\":\"\"},\"sourceMonth\":{\"displaytitle\":\"Select Month\",\"selectTypeOption\":{},\"options\":[],\"selectedoption\":\"\"},\"yearDropdown\":{\"options\":[],\"selectedOption\":{\"title\":\"2021\"},\"selectedRangeOptions\":{\"from\":{\"title\":\"2021\"},\"to\":{\"title\":\"2021\"}},\"model\":\"\"},\"quarterDropdown\":{\"options\":[],\"selectedOption\":{},\"selectedRangeOptions\":{\"from\":{},\"to\":{}}},\"monthDropdown\":{\"options\":[],\"selectedOption\":{},\"selectedRangeOptions\":{\"from\":{},\"to\":{}}},\"monthArray\":[],\"quarterArray\":[],\"pageByProperties\":{\"pageByOptions\":[{\"title\":\"search\",\"isSelected\":false},{\"title\":\"ALL\",\"isSelected\":false}],\"pageByFlag\":false,\"reportObjectIdentifier\":1,\"pageIndexForPageBy\":1,\"reportRequestKeySavingForPagination\":{},\"noOfTimesPaginationIsPossible\":1,\"selectedValue\":\"All\",\"addEvent\":false},\"filterIdentifierType\":0,\"Level\":1,\"isCoupled\":true,\"isLast\":false,\"operator\":\"AND\",\"showLinkIcon\":false,\"isGrouped\":false,\"reportObjectDataType\":5,\"formatKey\":\"\",\"isLinkActive\":false,\"isLocationObjectType\":false,\"isStandardFilterRO\":false,\"reportDocumentMappingField\":\"\",\"isAggregatedDerivedMeasure\":false}],\"lstFilterReportObject\":[],\"reportViewType\":18,\"reportRequestKey\":\"8918b056-6789-4e3d-a6cf-95ed470d7f9c10204000002102_0\",\"pageSize\":0,\"isJumpToState\":false}",
      "data" : {

        "NextSetRequestData": {
      
          "LEVEL1 Category": "(QA IN PROGRESS)",
      
          "Spend In EUR": 1808.8801029,
      
          "Spend In USD": 1927.0
      
        },
      
        "FirstRowDataForEachPage": [],
      
        "Data": [
      
          {
      
            "LEVEL1 Category": "DIRECT",
      
            "Spend In EUR": 2669931.5745759662,
      
            "Spend In USD": 2989348.9123307313
      
          },
      
          {
      
            "LEVEL1 Category": "INDIRECT",
      
            "Spend In EUR": 1727396.1893313543,
      
            "Spend In USD": 1951593.3388869988
      
          },
      
          {
      
            "LEVEL1 Category": "LOGISTICS",
      
            "Spend In EUR": 98314.605019289127,
      
            "Spend In USD": 114358.31277250816
      
          },
      
          {
      
            "LEVEL1 Category": "NON PROCURABLE",
      
            "Spend In EUR": 10468.170042526,
      
            "Spend In USD": 11813.210185
      
          },
      
          {
      
            "LEVEL1 Category": "(QA IN PROGRESS)",
      
            "Spend In EUR": 1808.8801029,
      
            "Spend In USD": 1927.0
      
          }
      
        ],
      
        "PageSize": 7,
      
        "TotalRowCount": 5,
      
        "GrandTotal": {
      
          "Spend In EUR": 4507919.4190720282,
      
          "Spend In USD": 5069040.7741752332
      
        }
      
      }
    }
  ]
}

